{
	"credit": "Created with Blockbench [Exported as resourcepack with the \"resourcepack_packager\" plugin]",
	"texture_size": [32, 32],
	"textures": {
		"0": "item/crossbow/texture",
		"particle": "item/crossbow/texture"
	},
	"elements": [
		{
			"from": [7.75, 4.35, 7.7875],
			"to": [8.25, 4.5, 12.7875],
			"rotation": {"angle": 0, "axis": "y", "origin": [0, 0, -0.6125]},
			"faces": {
				"north": {"uv": [11.5, 6, 11.75, 6.0625], "texture": "#0"},
				"east": {"uv": [7.5, 4.5, 10, 4.5625], "texture": "#0"},
				"south": {"uv": [6.5, 11.5, 6.75, 11.5625], "texture": "#0"},
				"west": {"uv": [7.5, 5, 10, 5.0625], "texture": "#0"},
				"up": {"uv": [1.25, 2.5, 1, 0], "texture": "#0"},
				"down": {"uv": [1.75, 0, 1.5, 2.5], "texture": "#0"}
			}
		},
		{
			"from": [7.65, 4.25, 7.7875],
			"to": [7.85, 4.4, 12.7875],
			"rotation": {"angle": 0, "axis": "y", "origin": [0, 0, -0.6125]},
			"faces": {
				"north": {"uv": [3.5, 12, 3.59375, 12.0625], "texture": "#0"},
				"east": {"uv": [8, 6, 10.5, 6.0625], "texture": "#0"},
				"south": {"uv": [12, 3.5, 12.09375, 3.5625], "texture": "#0"},
				"west": {"uv": [6.5, 8, 9, 8.0625], "texture": "#0"},
				"up": {"uv": [4.59375, 9, 4.5, 6.5], "texture": "#0"},
				"down": {"uv": [5.09375, 6.5, 5, 9], "texture": "#0"}
			}
		},
		{
			"from": [8.15, 4.25, 7.7875],
			"to": [8.35, 4.4, 12.7875],
			"rotation": {"angle": 0, "axis": "y", "origin": [0, 0, -0.6125]},
			"faces": {
				"north": {"uv": [4, 12, 4.09375, 12.0625], "texture": "#0"},
				"east": {"uv": [8.5, 0, 11, 0.0625], "texture": "#0"},
				"south": {"uv": [12, 4, 12.09375, 4.0625], "texture": "#0"},
				"west": {"uv": [8.5, 0.5, 11, 0.5625], "texture": "#0"},
				"up": {"uv": [5.59375, 9, 5.5, 6.5], "texture": "#0"},
				"down": {"uv": [6.59375, 5.5, 6.5, 8], "texture": "#0"}
			}
		},
		{
			"from": [7.55, 0, 2.8875],
			"to": [8.45, 0.25, 4.8875],
			"rotation": {"angle": 0, "axis": "y", "origin": [0, 0, -0.6125]},
			"faces": {
				"north": {"uv": [7.5, 10, 7.9375, 10.125], "texture": "#0"},
				"east": {"uv": [8.5, 1, 9.5, 1.125], "texture": "#0"},
				"south": {"uv": [10, 7.5, 10.4375, 7.625], "texture": "#0"},
				"west": {"uv": [8.5, 1.5, 9.5, 1.625], "texture": "#0"},
				"up": {"uv": [1.4375, 4.5, 1, 3.5], "texture": "#0"},
				"down": {"uv": [1.9375, 3.5, 1.5, 4.5], "texture": "#0"}
			}
		},
		{
			"from": [7.55, 0.25, 2.9875],
			"to": [8.45, 0.5, 4.8875],
			"rotation": {"angle": 0, "axis": "y", "origin": [0, 0, -0.6125]},
			"faces": {
				"north": {"uv": [8, 10, 8.4375, 10.125], "texture": "#0"},
				"east": {"uv": [1, 9, 1.9375, 9.125], "texture": "#0"},
				"south": {"uv": [10, 8, 10.4375, 8.125], "texture": "#0"},
				"west": {"uv": [2, 9, 2.9375, 9.125], "texture": "#0"},
				"up": {"uv": [3.9375, 3.4375, 3.5, 2.5], "texture": "#0"},
				"down": {"uv": [4.4375, 0, 4, 0.9375], "texture": "#0"}
			}
		},
		{
			"from": [7.65, 0.5, 3.0875],
			"to": [8.35, 0.75, 4.7875],
			"rotation": {"angle": 0, "axis": "y", "origin": [0, 0, -0.6125]},
			"faces": {
				"north": {"uv": [10.5, 1.5, 10.84375, 1.625], "texture": "#0"},
				"east": {"uv": [5.5, 9, 6.34375, 9.125], "texture": "#0"},
				"south": {"uv": [2, 10.5, 2.34375, 10.625], "texture": "#0"},
				"west": {"uv": [6.5, 9, 7.34375, 9.125], "texture": "#0"},
				"up": {"uv": [0.84375, 5.84375, 0.5, 5], "texture": "#0"},
				"down": {"uv": [5.34375, 1, 5, 1.84375], "texture": "#0"}
			}
		},
		{
			"from": [7.65, 0.75, 3.0875],
			"to": [8.35, 1, 4.7875],
			"rotation": {"angle": 0, "axis": "y", "origin": [0, 0, -0.6125]},
			"faces": {
				"north": {"uv": [10.5, 2, 10.84375, 2.125], "texture": "#0"},
				"east": {"uv": [7.5, 9, 8.34375, 9.125], "texture": "#0"},
				"south": {"uv": [2.5, 10.5, 2.84375, 10.625], "texture": "#0"},
				"west": {"uv": [9, 8, 9.84375, 8.125], "texture": "#0"},
				"up": {"uv": [3.34375, 5.84375, 3, 5], "texture": "#0"},
				"down": {"uv": [3.84375, 5, 3.5, 5.84375], "texture": "#0"}
			}
		},
		{
			"from": [7.75, 1, 3.1875],
			"to": [8.25, 1.25, 4.7875],
			"rotation": {"angle": 0, "axis": "y", "origin": [0, 0, -0.6125]},
			"faces": {
				"north": {"uv": [8, 10.5, 8.25, 10.625], "texture": "#0"},
				"east": {"uv": [8.5, 9, 9.3125, 9.125], "texture": "#0"},
				"south": {"uv": [10.5, 8, 10.75, 8.125], "texture": "#0"},
				"west": {"uv": [9, 8.5, 9.8125, 8.625], "texture": "#0"},
				"up": {"uv": [6.25, 7.3125, 6, 6.5], "texture": "#0"},
				"down": {"uv": [0.25, 7, 0, 7.8125], "texture": "#0"}
			}
		},
		{
			"from": [7.75, 1.25, 3.2875],
			"to": [8.25, 1.5, 4.7875],
			"rotation": {"angle": 0, "axis": "y", "origin": [0, 0, -0.6125]},
			"faces": {
				"north": {"uv": [8.5, 10.5, 8.75, 10.625], "texture": "#0"},
				"east": {"uv": [9.5, 1.5, 10.25, 1.625], "texture": "#0"},
				"south": {"uv": [10.5, 8.5, 10.75, 8.625], "texture": "#0"},
				"west": {"uv": [2, 9.5, 2.75, 9.625], "texture": "#0"},
				"up": {"uv": [7.25, 3.25, 7, 2.5], "texture": "#0"},
				"down": {"uv": [3.25, 7, 3, 7.75], "texture": "#0"}
			}
		},
		{
			"from": [7.75, 1.5, 3.3875],
			"to": [8.25, 1.75, 4.8875],
			"rotation": {"angle": 0, "axis": "y", "origin": [0, 0, -0.6125]},
			"faces": {
				"north": {"uv": [9, 10.5, 9.25, 10.625], "texture": "#0"},
				"east": {"uv": [9.5, 2, 10.25, 2.125], "texture": "#0"},
				"south": {"uv": [10.5, 9, 10.75, 9.125], "texture": "#0"},
				"west": {"uv": [9.5, 2.5, 10.25, 2.625], "texture": "#0"},
				"up": {"uv": [3.75, 7.75, 3.5, 7], "texture": "#0"},
				"down": {"uv": [7.25, 3.5, 7, 4.25], "texture": "#0"}
			}
		},
		{
			"from": [7.65, 1.75, 3.4875],
			"to": [8.35, 2, 4.8875],
			"rotation": {"angle": 0, "axis": "y", "origin": [0, 0, -0.6125]},
			"faces": {
				"north": {"uv": [10.5, 2.5, 10.84375, 2.625], "texture": "#0"},
				"east": {"uv": [9.5, 3, 10.1875, 3.125], "texture": "#0"},
				"south": {"uv": [3, 10.5, 3.34375, 10.625], "texture": "#0"},
				"west": {"uv": [3.5, 9.5, 4.1875, 9.625], "texture": "#0"},
				"up": {"uv": [0.34375, 6.6875, 0, 6], "texture": "#0"},
				"down": {"uv": [0.84375, 6, 0.5, 6.6875], "texture": "#0"}
			}
		},
		{
			"from": [7.65, 2, 3.5875],
			"to": [8.35, 2.25, 4.9875],
			"rotation": {"angle": 0, "axis": "y", "origin": [0, 0, -0.6125]},
			"faces": {
				"north": {"uv": [10.5, 3, 10.84375, 3.125], "texture": "#0"},
				"east": {"uv": [4.5, 9.5, 5.1875, 9.625], "texture": "#0"},
				"south": {"uv": [3.5, 10.5, 3.84375, 10.625], "texture": "#0"},
				"west": {"uv": [5.5, 9.5, 6.1875, 9.625], "texture": "#0"},
				"up": {"uv": [3.34375, 6.6875, 3, 6], "texture": "#0"},
				"down": {"uv": [3.84375, 6, 3.5, 6.6875], "texture": "#0"}
			}
		},
		{
			"from": [7.65, 2.25, 3.7375],
			"to": [8.35, 2.5, 5.7375],
			"rotation": {"angle": 0, "axis": "y", "origin": [0, 0, -0.6125]},
			"faces": {
				"north": {"uv": [4, 10.5, 4.34375, 10.625], "texture": "#0"},
				"east": {"uv": [8.5, 2, 9.5, 2.125], "texture": "#0"},
				"south": {"uv": [10.5, 4, 10.84375, 4.125], "texture": "#0"},
				"west": {"uv": [8.5, 2.5, 9.5, 2.625], "texture": "#0"},
				"up": {"uv": [4.34375, 3.5, 4, 2.5], "texture": "#0"},
				"down": {"uv": [3.34375, 4, 3, 5], "texture": "#0"}
			}
		},
		{
			"from": [7.65, 2.5, 3.8875],
			"to": [8.35, 2.75, 5.8375],
			"rotation": {"angle": 0, "axis": "y", "origin": [0, 0, -0.6125]},
			"faces": {
				"north": {"uv": [4.5, 10.5, 4.84375, 10.625], "texture": "#0"},
				"east": {"uv": [7, 8.5, 7.96875, 8.625], "texture": "#0"},
				"south": {"uv": [10.5, 4.5, 10.84375, 4.625], "texture": "#0"},
				"west": {"uv": [8, 8.5, 8.96875, 8.625], "texture": "#0"},
				"up": {"uv": [3.84375, 4.96875, 3.5, 4], "texture": "#0"},
				"down": {"uv": [4.34375, 4, 4, 4.96875], "texture": "#0"}
			}
		},
		{
			"from": [7.75, 2.75, 4.0875],
			"to": [8.25, 3, 8.1875],
			"rotation": {"angle": 0, "axis": "y", "origin": [0, 0, -0.6125]},
			"faces": {
				"north": {"uv": [9.5, 10.5, 9.75, 10.625], "texture": "#0"},
				"east": {"uv": [5, 5, 7.0625, 5.125], "texture": "#0"},
				"south": {"uv": [10.5, 9.5, 10.75, 9.625], "texture": "#0"},
				"west": {"uv": [5.5, 1, 7.5625, 1.125], "texture": "#0"},
				"up": {"uv": [2.75, 2.0625, 2.5, 0], "texture": "#0"},
				"down": {"uv": [0.75, 2.5, 0.5, 4.5625], "texture": "#0"}
			}
		},
		{
			"from": [7.75, 3, 4.2875],
			"to": [8.25, 3.25, 6.2875],
			"rotation": {"angle": 0, "axis": "y", "origin": [0, 0, -0.6125]},
			"faces": {
				"north": {"uv": [10, 10.5, 10.25, 10.625], "texture": "#0"},
				"east": {"uv": [8.5, 3, 9.5, 3.125], "texture": "#0"},
				"south": {"uv": [10.5, 10, 10.75, 10.125], "texture": "#0"},
				"west": {"uv": [6, 8.5, 7, 8.625], "texture": "#0"},
				"up": {"uv": [5.25, 6.5, 5, 5.5], "texture": "#0"},
				"down": {"uv": [5.75, 5.5, 5.5, 6.5], "texture": "#0"}
			}
		},
		{
			"from": [7.75, 3.25, 4.3875],
			"to": [8.25, 3.5, 6.2875],
			"rotation": {"angle": 0, "axis": "y", "origin": [0, 0, -0.6125]},
			"faces": {
				"north": {"uv": [10.5, 10.5, 10.75, 10.625], "texture": "#0"},
				"east": {"uv": [3.5, 9, 4.4375, 9.125], "texture": "#0"},
				"south": {"uv": [0, 11, 0.25, 11.125], "texture": "#0"},
				"west": {"uv": [4.5, 9, 5.4375, 9.125], "texture": "#0"},
				"up": {"uv": [6.25, 6.4375, 6, 5.5], "texture": "#0"},
				"down": {"uv": [1.25, 6.5, 1, 7.4375], "texture": "#0"}
			}
		},
		{
			"from": [7.75, 3.5, 4.4875],
			"to": [8.25, 3.75, 6.0375],
			"rotation": {"angle": 0, "axis": "y", "origin": [0, 0, -0.6125]},
			"faces": {
				"north": {"uv": [11, 0, 11.25, 0.125], "texture": "#0"},
				"east": {"uv": [1, 9.5, 1.78125, 9.625], "texture": "#0"},
				"south": {"uv": [0.5, 11, 0.75, 11.125], "texture": "#0"},
				"west": {"uv": [9.5, 1, 10.28125, 1.125], "texture": "#0"},
				"up": {"uv": [7.25, 0.78125, 7, 0], "texture": "#0"},
				"down": {"uv": [0.75, 7, 0.5, 7.78125], "texture": "#0"}
			}
		},
		{
			"from": [7.75, 3, 7.6875],
			"to": [8.25, 3.25, 8.2875],
			"rotation": {"angle": 0, "axis": "y", "origin": [0, 0, -0.6125]},
			"faces": {
				"north": {"uv": [11, 0.5, 11.25, 0.625], "texture": "#0"},
				"east": {"uv": [5, 10.5, 5.3125, 10.625], "texture": "#0"},
				"south": {"uv": [1, 11, 1.25, 11.125], "texture": "#0"},
				"west": {"uv": [10.5, 5, 10.8125, 5.125], "texture": "#0"},
				"up": {"uv": [3.75, 8.8125, 3.5, 8.5], "texture": "#0"},
				"down": {"uv": [9.75, 7.5, 9.5, 7.8125], "texture": "#0"}
			}
		},
		{
			"from": [7.75, 3.25, 7.7875],
			"to": [8.25, 3.5, 8.3875],
			"rotation": {"angle": 0, "axis": "y", "origin": [0, 0, -0.6125]},
			"faces": {
				"north": {"uv": [11, 1, 11.25, 1.125], "texture": "#0"},
				"east": {"uv": [5.5, 10.5, 5.8125, 10.625], "texture": "#0"},
				"south": {"uv": [1.5, 11, 1.75, 11.125], "texture": "#0"},
				"west": {"uv": [10.5, 5.5, 10.8125, 5.625], "texture": "#0"},
				"up": {"uv": [8.75, 9.8125, 8.5, 9.5], "texture": "#0"},
				"down": {"uv": [9.25, 9.5, 9, 9.8125], "texture": "#0"}
			}
		},
		{
			"from": [7.85, 3.5, 7.7875],
			"to": [8.15, 3.75, 12.1375],
			"rotation": {"angle": 0, "axis": "y", "origin": [0, 0, -0.6125]},
			"faces": {
				"north": {"uv": [7, 11, 7.15625, 11.125], "texture": "#0"},
				"east": {"uv": [4.5, 4, 6.96875, 4.125], "texture": "#0"},
				"south": {"uv": [11, 7, 11.15625, 7.125], "texture": "#0"},
				"west": {"uv": [4.5, 4.5, 6.96875, 4.625], "texture": "#0"},
				"up": {"uv": [2.15625, 6.46875, 2, 4], "texture": "#0"},
				"down": {"uv": [2.65625, 4, 2.5, 6.46875], "texture": "#0"}
			}
		},
		{
			"from": [7.85, 3.6, 12.0875],
			"to": [8.15, 3.75, 12.6875],
			"rotation": {"angle": 0, "axis": "y", "origin": [0, 0, -0.6125]},
			"faces": {
				"north": {"uv": [7, 11, 7.15625, 11.125], "texture": "#0"},
				"east": {"uv": [4.5, 4, 6.96875, 4.125], "texture": "#0"},
				"south": {"uv": [11, 7, 11.15625, 7.125], "texture": "#0"},
				"west": {"uv": [4.5, 4.5, 6.96875, 4.625], "texture": "#0"},
				"up": {"uv": [2.15625, 6.46875, 2, 4], "texture": "#0"},
				"down": {"uv": [2.65625, 4, 2.5, 6.46875], "texture": "#0"}
			}
		},
		{
			"from": [7.75, 3.75, 7.7875],
			"to": [8.25, 3.9, 12.7875],
			"rotation": {"angle": 0, "axis": "y", "origin": [0, 0, -0.6125]},
			"faces": {
				"north": {"uv": [9.5, 11, 9.75, 11.0625], "texture": "#0"},
				"east": {"uv": [7.5, 3.5, 10, 3.5625], "texture": "#0"},
				"south": {"uv": [11, 9.5, 11.25, 9.5625], "texture": "#0"},
				"west": {"uv": [7.5, 4, 10, 4.0625], "texture": "#0"},
				"up": {"uv": [0.25, 2.5, 0, 0], "texture": "#0"},
				"down": {"uv": [0.75, 0, 0.5, 2.5], "texture": "#0"}
			}
		},
		{
			"from": [8.15, 3.85, 7.7875],
			"to": [8.25, 4, 12.7875],
			"rotation": {"angle": 0, "axis": "y", "origin": [0, 0, -0.6125]},
			"faces": {
				"north": {"uv": [6, 12, 6.0625, 12.0625], "texture": "#0"},
				"east": {"uv": [7.5, 6.5, 10, 6.5625], "texture": "#0"},
				"south": {"uv": [12, 6, 12.0625, 6.0625], "texture": "#0"},
				"west": {"uv": [7, 7.5, 9.5, 7.5625], "texture": "#0"},
				"up": {"uv": [0.0625, 10.5, 0, 8], "texture": "#0"},
				"down": {"uv": [8.0625, 0, 8, 2.5], "texture": "#0"}
			}
		},
		{
			"from": [7.75, 3.85, 7.7875],
			"to": [7.85, 4, 12.7875],
			"rotation": {"angle": 0, "axis": "y", "origin": [0, 0, -0.6125]},
			"faces": {
				"north": {"uv": [6.5, 12, 6.5625, 12.0625], "texture": "#0"},
				"east": {"uv": [7.5, 7, 10, 7.0625], "texture": "#0"},
				"south": {"uv": [12, 6.5, 12.0625, 6.5625], "texture": "#0"},
				"west": {"uv": [8, 5.5, 10.5, 5.5625], "texture": "#0"},
				"up": {"uv": [0.5625, 10.5, 0.5, 8], "texture": "#0"},
				"down": {"uv": [3.0625, 8, 3, 10.5], "texture": "#0"}
			}
		},
		{
			"from": [7.75, 2.6, 5.8375],
			"to": [8.25, 2.75, 8.0875],
			"rotation": {"angle": 0, "axis": "y", "origin": [0, 0, -0.6125]},
			"faces": {
				"north": {"uv": [10, 11, 10.25, 11.0625], "texture": "#0"},
				"east": {"uv": [3.5, 10, 4.625, 10.0625], "texture": "#0"},
				"south": {"uv": [11, 10, 11.25, 10.0625], "texture": "#0"},
				"west": {"uv": [10, 3.5, 11.125, 3.5625], "texture": "#0"},
				"up": {"uv": [4.25, 6.125, 4, 5], "texture": "#0"},
				"down": {"uv": [4.75, 5, 4.5, 6.125], "texture": "#0"}
			}
		},
		{
			"from": [7.75, 2.45, 6.9375],
			"to": [8.25, 2.6, 7.5375],
			"rotation": {"angle": 0, "axis": "y", "origin": [0, 0, -0.6125]},
			"faces": {
				"north": {"uv": [10.5, 11, 10.75, 11.0625], "texture": "#0"},
				"east": {"uv": [7.5, 11, 7.8125, 11.0625], "texture": "#0"},
				"south": {"uv": [11, 10.5, 11.25, 10.5625], "texture": "#0"},
				"west": {"uv": [11, 7.5, 11.3125, 7.5625], "texture": "#0"},
				"up": {"uv": [9.75, 9.3125, 9.5, 9], "texture": "#0"},
				"down": {"uv": [9.75, 9.5, 9.5, 9.8125], "texture": "#0"}
			}
		},
		{
			"from": [7.75, 1.85, 6.7875],
			"to": [8.25, 2.65, 6.9375],
			"rotation": {"angle": 22.5, "axis": "x", "origin": [0, 2.75, 6.8875]},
			"faces": {
				"north": {"uv": [9.75, 9.3125, 9.5, 9], "rotation": 180, "texture": "#0"},
				"east": {"uv": [7.5, 11, 7.8125, 11.0625], "rotation": 90, "texture": "#0"},
				"south": {"uv": [9.75, 9.5, 9.5, 9.8125], "texture": "#0"},
				"west": {"uv": [11, 7.5, 11.3125, 7.5625], "rotation": 270, "texture": "#0"},
				"up": {"uv": [11, 10.5, 11.25, 10.5625], "texture": "#0"},
				"down": {"uv": [10.5, 11, 10.75, 11.0625], "rotation": 180, "texture": "#0"}
			}
		},
		{
			"from": [7.75, 2.2, 7.2875],
			"to": [8.25, 2.45, 7.4375],
			"rotation": {"angle": 0, "axis": "y", "origin": [0, 0, -0.6125]},
			"faces": {
				"north": {"uv": [11, 1.5, 11.25, 1.625], "texture": "#0"},
				"east": {"uv": [0.5, 12, 0.5625, 12.125], "texture": "#0"},
				"south": {"uv": [2, 11, 2.25, 11.125], "texture": "#0"},
				"west": {"uv": [12, 0.5, 12.0625, 0.625], "texture": "#0"},
				"up": {"uv": [11.25, 11.0625, 11, 11], "texture": "#0"},
				"down": {"uv": [0.25, 11.5, 0, 11.5625], "texture": "#0"}
			}
		},
		{
			"from": [7.75, 2.2, 7.3875],
			"to": [8.25, 2.45, 7.5375],
			"rotation": {"angle": 22.5, "axis": "x", "origin": [8, 2.5, 6.8875]},
			"faces": {
				"north": {"uv": [11, 2, 11.25, 2.125], "texture": "#0"},
				"east": {"uv": [1, 12, 1.0625, 12.125], "texture": "#0"},
				"south": {"uv": [2.5, 11, 2.75, 11.125], "texture": "#0"},
				"west": {"uv": [12, 1, 12.0625, 1.125], "texture": "#0"},
				"up": {"uv": [11.75, 0.0625, 11.5, 0], "texture": "#0"},
				"down": {"uv": [0.75, 11.5, 0.5, 11.5625], "texture": "#0"}
			}
		},
		{
			"from": [7.75, 2.2, 7.4875],
			"to": [8.25, 2.45, 7.6375],
			"rotation": {"angle": 45, "axis": "x", "origin": [8, 2.5, 6.8875]},
			"faces": {
				"north": {"uv": [11, 2.5, 11.25, 2.625], "texture": "#0"},
				"east": {"uv": [1.5, 12, 1.5625, 12.125], "texture": "#0"},
				"south": {"uv": [3, 11, 3.25, 11.125], "texture": "#0"},
				"west": {"uv": [12, 1.5, 12.0625, 1.625], "texture": "#0"},
				"up": {"uv": [11.75, 0.5625, 11.5, 0.5], "texture": "#0"},
				"down": {"uv": [1.25, 11.5, 1, 11.5625], "texture": "#0"}
			}
		},
		{
			"from": [7.75, 1.55, 6.4375],
			"to": [8.25, 1.7, 6.8875],
			"rotation": {"angle": 0, "axis": "y", "origin": [8, 2.5, 6.8875]},
			"faces": {
				"north": {"uv": [11.5, 1.5, 11.75, 1.5625], "texture": "#0"},
				"east": {"uv": [11.5, 7, 11.71875, 7.0625], "texture": "#0"},
				"south": {"uv": [2, 11.5, 2.25, 11.5625], "texture": "#0"},
				"west": {"uv": [7.5, 11.5, 7.71875, 11.5625], "texture": "#0"},
				"up": {"uv": [8.75, 10.21875, 8.5, 10], "texture": "#0"},
				"down": {"uv": [10.25, 8.5, 10, 8.71875], "texture": "#0"}
			}
		},
		{
			"from": [7.75, 1.65, 6.5875],
			"to": [8.25, 1.8, 6.9375],
			"rotation": {"angle": -22.5, "axis": "x", "origin": [8, 2.5, 6.8875]},
			"faces": {
				"north": {"uv": [11.5, 2, 11.75, 2.0625], "texture": "#0"},
				"east": {"uv": [11.5, 10.5, 11.6875, 10.5625], "texture": "#0"},
				"south": {"uv": [2.5, 11.5, 2.75, 11.5625], "texture": "#0"},
				"west": {"uv": [11, 11.5, 11.1875, 11.5625], "texture": "#0"},
				"up": {"uv": [10.75, 1.1875, 10.5, 1], "texture": "#0"},
				"down": {"uv": [1.75, 10.5, 1.5, 10.6875], "texture": "#0"}
			}
		},
		{
			"from": [7.75, 1.53097, 6.09183],
			"to": [8.25, 1.68097, 6.54183],
			"rotation": {"angle": 22.5, "axis": "x", "origin": [8, 2, 6.3875]},
			"faces": {
				"north": {"uv": [11.5, 2.5, 11.75, 2.5625], "texture": "#0"},
				"east": {"uv": [11.5, 7.5, 11.71875, 7.5625], "texture": "#0"},
				"south": {"uv": [3, 11.5, 3.25, 11.5625], "texture": "#0"},
				"west": {"uv": [8, 11.5, 8.21875, 11.5625], "texture": "#0"},
				"up": {"uv": [9.25, 10.21875, 9, 10], "texture": "#0"},
				"down": {"uv": [10.25, 9, 10, 9.21875], "texture": "#0"}
			}
		},
		{
			"from": [7.75, 1.94567, 5.81847],
			"to": [8.25, 2.39567, 5.96847],
			"rotation": {"angle": -22.5, "axis": "x", "origin": [8, 2, 6.3875]},
			"faces": {
				"north": {"uv": [9.5, 10, 9.75, 10.21875], "texture": "#0"},
				"east": {"uv": [11.5, 8, 11.5625, 8.21875], "texture": "#0"},
				"south": {"uv": [10, 9.5, 10.25, 9.71875], "texture": "#0"},
				"west": {"uv": [8.5, 11.5, 8.5625, 11.71875], "texture": "#0"},
				"up": {"uv": [11.75, 3.0625, 11.5, 3], "texture": "#0"},
				"down": {"uv": [3.75, 11.5, 3.5, 11.5625], "texture": "#0"}
			}
		},
		{
			"from": [7.75, 2.29567, 5.81847],
			"to": [8.25, 2.74567, 5.96847],
			"rotation": {"angle": -22.5, "axis": "x", "origin": [8, 2, 6.3875]},
			"faces": {
				"north": {"uv": [10, 10, 10.25, 10.21875], "texture": "#0"},
				"east": {"uv": [11.5, 8.5, 11.5625, 8.71875], "texture": "#0"},
				"south": {"uv": [0, 10.5, 0.25, 10.71875], "texture": "#0"},
				"west": {"uv": [9, 11.5, 9.0625, 11.71875], "texture": "#0"},
				"up": {"uv": [11.75, 3.5625, 11.5, 3.5], "texture": "#0"},
				"down": {"uv": [4.25, 11.5, 4, 11.5625], "texture": "#0"}
			}
		},
		{
			"from": [7.75, 2.66903, 6.18317],
			"to": [8.25, 2.81903, 6.63317],
			"rotation": {"angle": -45, "axis": "x", "origin": [8, 2, 6.3875]},
			"faces": {
				"north": {"uv": [11.5, 4, 11.75, 4.0625], "texture": "#0"},
				"east": {"uv": [11.5, 9, 11.71875, 9.0625], "texture": "#0"},
				"south": {"uv": [4.5, 11.5, 4.75, 11.5625], "texture": "#0"},
				"west": {"uv": [9.5, 11.5, 9.71875, 11.5625], "texture": "#0"},
				"up": {"uv": [0.75, 10.71875, 0.5, 10.5], "texture": "#0"},
				"down": {"uv": [1.25, 10.5, 1, 10.71875], "texture": "#0"}
			}
		},
		{
			"from": [7.75, 1.53097, 6.34183],
			"to": [8.25, 1.68097, 6.54183],
			"rotation": {"angle": 0, "axis": "y", "origin": [8, 2, 6.3875]},
			"faces": {
				"north": {"uv": [11.5, 4.5, 11.75, 4.5625], "texture": "#0"},
				"east": {"uv": [3, 12, 3.09375, 12.0625], "texture": "#0"},
				"south": {"uv": [5, 11.5, 5.25, 11.5625], "texture": "#0"},
				"west": {"uv": [12, 3, 12.09375, 3.0625], "texture": "#0"},
				"up": {"uv": [6.75, 11.09375, 6.5, 11], "texture": "#0"},
				"down": {"uv": [11.25, 6.5, 11, 6.59375], "texture": "#0"}
			}
		},
		{
			"from": [7.75, 2.11784, 4.81742],
			"to": [8.25, 2.26784, 5.66742],
			"rotation": {"angle": 0, "axis": "y", "origin": [8, 2.75, 5.3875]},
			"faces": {
				"north": {"uv": [11.5, 5, 11.75, 5.0625], "texture": "#0"},
				"east": {"uv": [6, 11, 6.4375, 11.0625], "texture": "#0"},
				"south": {"uv": [5.5, 11.5, 5.75, 11.5625], "texture": "#0"},
				"west": {"uv": [11, 6, 11.4375, 6.0625], "texture": "#0"},
				"up": {"uv": [3.75, 8.4375, 3.5, 8], "texture": "#0"},
				"down": {"uv": [1.25, 8.5, 1, 8.9375], "texture": "#0"}
			}
		},
		{
			"from": [7.75, 2.01784, 4.81742],
			"to": [8.25, 2.16784, 5.41742],
			"rotation": {"angle": -45, "axis": "x", "origin": [8, 2, 5.1375]},
			"faces": {
				"north": {"uv": [11.5, 5.5, 11.75, 5.5625], "texture": "#0"},
				"east": {"uv": [8, 11, 8.3125, 11.0625], "texture": "#0"},
				"south": {"uv": [6, 11.5, 6.25, 11.5625], "texture": "#0"},
				"west": {"uv": [11, 8, 11.3125, 8.0625], "texture": "#0"},
				"up": {"uv": [1.25, 10.3125, 1, 10], "texture": "#0"},
				"down": {"uv": [1.75, 10, 1.5, 10.3125], "texture": "#0"}
			}
		},
		{
			"from": [7.55, 4, 7.7875],
			"to": [7.75, 4.25, 12.7875],
			"rotation": {"angle": 0, "axis": "y", "origin": [0, 0, -0.6125]},
			"faces": {
				"north": {"uv": [11.5, 11, 11.59375, 11.125], "texture": "#0"},
				"east": {"uv": [4.5, 0, 7, 0.125], "texture": "#0"},
				"south": {"uv": [11.5, 11.5, 11.59375, 11.625], "texture": "#0"},
				"west": {"uv": [4.5, 0.5, 7, 0.625], "texture": "#0"},
				"up": {"uv": [1.59375, 9, 1.5, 6.5], "texture": "#0"},
				"down": {"uv": [2.09375, 6.5, 2, 9], "texture": "#0"}
			}
		},
		{
			"from": [7.85, 4.5, 5.9375],
			"to": [8.15, 4.65, 12.7875],
			"rotation": {"angle": 0, "axis": "y", "origin": [0, 0, -0.6125]},
			"faces": {
				"north": {"uv": [8.5, 11, 8.65625, 11.125], "texture": "#0"},
				"east": {"uv": [3, 2, 6.4375, 2.125], "texture": "#0"},
				"south": {"uv": [11, 8.5, 11.15625, 8.625], "texture": "#0"},
				"west": {"uv": [2, 3.5, 5.4375, 3.625], "texture": "#0"},
				"up": {"uv": [2.15625, 3.4375, 2, 0], "texture": "#0"},
				"down": {"uv": [0.15625, 2.5, 0, 5.9375], "texture": "#0"}
			}
		},
		{
			"from": [7.75, 4.25, 5.7375],
			"to": [8.25, 4.5, 6.2875],
			"rotation": {"angle": 0, "axis": "y", "origin": [0, 0, -0.6125]},
			"faces": {
				"north": {"uv": [4, 11, 4.25, 11.125], "texture": "#0"},
				"east": {"uv": [6.5, 10.5, 6.78125, 10.625], "texture": "#0"},
				"south": {"uv": [11, 4, 11.25, 4.125], "texture": "#0"},
				"west": {"uv": [10.5, 6.5, 10.78125, 6.625], "texture": "#0"},
				"up": {"uv": [2.25, 10.28125, 2, 10], "texture": "#0"},
				"down": {"uv": [2.75, 10, 2.5, 10.28125], "texture": "#0"}
			}
		},
		{
			"from": [7.75, 4, 5.5875],
			"to": [8.25, 4.25, 6.1375],
			"rotation": {"angle": 0, "axis": "y", "origin": [0, 0, -0.6125]},
			"faces": {
				"north": {"uv": [4.5, 11, 4.75, 11.125], "texture": "#0"},
				"east": {"uv": [7, 10.5, 7.28125, 10.625], "texture": "#0"},
				"south": {"uv": [11, 4.5, 11.25, 4.625], "texture": "#0"},
				"west": {"uv": [10.5, 7, 10.78125, 7.125], "texture": "#0"},
				"up": {"uv": [10.25, 4.28125, 10, 4], "texture": "#0"},
				"down": {"uv": [10.25, 4.5, 10, 4.78125], "texture": "#0"}
			}
		},
		{
			"from": [7.75, 3.75, 5.0875],
			"to": [8.25, 4, 5.6375],
			"rotation": {"angle": 0, "axis": "y", "origin": [0, 0, -0.6125]},
			"faces": {
				"north": {"uv": [5, 11, 5.25, 11.125], "texture": "#0"},
				"east": {"uv": [7.5, 10.5, 7.78125, 10.625], "texture": "#0"},
				"south": {"uv": [11, 5, 11.25, 5.125], "texture": "#0"},
				"west": {"uv": [10.5, 7.5, 10.78125, 7.625], "texture": "#0"},
				"up": {"uv": [5.25, 10.28125, 5, 10], "texture": "#0"},
				"down": {"uv": [10.25, 5, 10, 5.28125], "texture": "#0"}
			}
		},
		{
			"from": [7.95, 3.75, 5.6375],
			"to": [8.05, 4, 6.3875],
			"rotation": {"angle": 0, "axis": "y", "origin": [0, 0, -0.6125]},
			"faces": {
				"north": {"uv": [5, 11, 5.25, 11.125], "texture": "#0"},
				"east": {"uv": [7.5, 10.5, 7.78125, 10.625], "texture": "#0"},
				"south": {"uv": [11, 5, 11.25, 5.125], "texture": "#0"},
				"west": {"uv": [10.5, 7.5, 10.78125, 7.625], "texture": "#0"},
				"up": {"uv": [5.25, 10.28125, 5, 10], "texture": "#0"},
				"down": {"uv": [10.25, 5, 10, 5.28125], "texture": "#0"}
			}
		},
		{
			"from": [7.85, 4.75355, 4.73395],
			"to": [8.15, 4.90355, 5.28395],
			"rotation": {"angle": 45, "axis": "x", "origin": [0, 4, 4.3875]},
			"faces": {
				"north": {"uv": [11.5, 6.5, 11.75, 6.5625], "texture": "#0"},
				"east": {"uv": [9, 11, 9.28125, 11.0625], "texture": "#0"},
				"south": {"uv": [7, 11.5, 7.25, 11.5625], "texture": "#0"},
				"west": {"uv": [11, 9, 11.28125, 9.0625], "texture": "#0"},
				"up": {"uv": [5.75, 10.28125, 5.5, 10], "texture": "#0"},
				"down": {"uv": [6.25, 10, 6, 10.28125], "texture": "#0"}
			}
		},
		{
			"from": [7.85, 4.65, 4.9875],
			"to": [8.15, 4.7, 5.2875],
			"rotation": {"angle": 22.5, "axis": "x", "origin": [0, 4.5, 4.3875]},
			"faces": {
				"north": {"uv": [2.5, 12, 2.75, 12.03125], "texture": "#0"},
				"east": {"uv": [4.5, 12, 4.65625, 12.03125], "texture": "#0"},
				"south": {"uv": [12, 2.5, 12.25, 2.53125], "texture": "#0"},
				"west": {"uv": [12, 4.5, 12.15625, 4.53125], "texture": "#0"},
				"up": {"uv": [6.25, 10.65625, 6, 10.5], "texture": "#0"},
				"down": {"uv": [10.75, 6, 10.5, 6.15625], "texture": "#0"}
			}
		},
		{
			"from": [7.75, 3.25, 6.2875],
			"to": [8.25, 4.5, 7.7875],
			"rotation": {"angle": 0, "axis": "y", "origin": [0, 0, -0.6125]},
			"faces": {
				"north": {"uv": [7.5, 5.5, 7.75, 6.125], "texture": "#0"},
				"east": {"uv": [1, 2.5, 1.75, 3.125], "texture": "#0"},
				"south": {"uv": [6, 7.5, 6.25, 8.125], "texture": "#0"},
				"west": {"uv": [2.5, 2.5, 3.25, 3.125], "texture": "#0"},
				"up": {"uv": [7.25, 6.25, 7, 5.5], "texture": "#0"},
				"down": {"uv": [7.25, 6.5, 7, 7.25], "texture": "#0"}
			}
		},
		{
			"from": [7.75, 3, 6.2875],
			"to": [8.25, 3.25, 7.6875],
			"rotation": {"angle": 0, "axis": "y", "origin": [0, 0, -0.6125]},
			"faces": {
				"north": {"uv": [5.5, 11, 5.75, 11.125], "texture": "#0"},
				"east": {"uv": [6.5, 9.5, 7.1875, 9.625], "texture": "#0"},
				"south": {"uv": [11, 5.5, 11.25, 5.625], "texture": "#0"},
				"west": {"uv": [7.5, 9.5, 8.1875, 9.625], "texture": "#0"},
				"up": {"uv": [7.75, 0.6875, 7.5, 0], "texture": "#0"},
				"down": {"uv": [1.25, 7.5, 1, 8.1875], "texture": "#0"}
			}
		},
		{
			"from": [7.65, 3.35, 6.2875],
			"to": [8.35, 4.3, 7.7875],
			"rotation": {"angle": 0, "axis": "y", "origin": [0, 0, -0.6125]},
			"faces": {
				"north": {"uv": [7.5, 1.5, 7.84375, 1.96875], "texture": "#0"},
				"east": {"uv": [4, 1, 4.75, 1.46875], "texture": "#0"},
				"south": {"uv": [7.5, 2, 7.84375, 2.46875], "texture": "#0"},
				"west": {"uv": [4, 1.5, 4.75, 1.96875], "texture": "#0"},
				"up": {"uv": [1.34375, 6.25, 1, 5.5], "texture": "#0"},
				"down": {"uv": [1.84375, 5.5, 1.5, 6.25], "texture": "#0"}
			}
		},
		{
			"from": [7.55, 3.45, 6.3875],
			"to": [8.45, 4.2, 7.7875],
			"rotation": {"angle": 0, "axis": "y", "origin": [0, 0, -0.6125]},
			"faces": {
				"north": {"uv": [6.5, 3.5, 6.9375, 3.875], "texture": "#0"},
				"east": {"uv": [5.5, 1.5, 6.1875, 1.875], "texture": "#0"},
				"south": {"uv": [7, 4.5, 7.4375, 4.875], "texture": "#0"},
				"west": {"uv": [5.5, 3.5, 6.1875, 3.875], "texture": "#0"},
				"up": {"uv": [1.4375, 5.1875, 1, 4.5], "texture": "#0"},
				"down": {"uv": [1.9375, 4.5, 1.5, 5.1875], "texture": "#0"}
			}
		},
		{
			"from": [7.45, 3.55, 6.1875],
			"to": [8.55, 4.1, 7.7875],
			"rotation": {"angle": 0, "axis": "y", "origin": [0, 0, -0.6125]},
			"faces": {
				"north": {"uv": [7.5, 2.5, 8.0625, 2.78125], "texture": "#0"},
				"east": {"uv": [6.5, 1.5, 7.3125, 1.78125], "texture": "#0"},
				"south": {"uv": [7.5, 3, 8.0625, 3.28125], "texture": "#0"},
				"west": {"uv": [6.5, 2, 7.3125, 2.28125], "texture": "#0"},
				"up": {"uv": [3.5625, 0.8125, 3, 0], "texture": "#0"},
				"down": {"uv": [3.5625, 1, 3, 1.8125], "texture": "#0"}
			}
		},
		{
			"from": [7.85, 4.65, 11.6875],
			"to": [8.15, 4.7, 12.5375],
			"rotation": {"angle": 0, "axis": "y", "origin": [0, 0, -0.6125]},
			"faces": {
				"north": {"uv": [5, 12, 5.15625, 12.03125], "texture": "#0"},
				"east": {"uv": [11.5, 9.5, 11.9375, 9.53125], "texture": "#0"},
				"south": {"uv": [12, 5, 12.15625, 5.03125], "texture": "#0"},
				"west": {"uv": [10, 11.5, 10.4375, 11.53125], "texture": "#0"},
				"up": {"uv": [6.65625, 10.4375, 6.5, 10], "texture": "#0"},
				"down": {"uv": [10.15625, 6.5, 10, 6.9375], "texture": "#0"}
			}
		},
		{
			"from": [7.85, 4.65, 6.1875],
			"to": [8.15, 4.8, 7.0375],
			"rotation": {"angle": 0, "axis": "y", "origin": [0, 0, -0.6125]},
			"faces": {
				"north": {"uv": [5.5, 12, 5.65625, 12.03125], "texture": "#0"},
				"east": {"uv": [11.5, 10, 11.9375, 10.03125], "texture": "#0"},
				"south": {"uv": [12, 5.5, 12.15625, 5.53125], "texture": "#0"},
				"west": {"uv": [10.5, 11.5, 10.9375, 11.53125], "texture": "#0"},
				"up": {"uv": [7.15625, 10.4375, 7, 10], "texture": "#0"},
				"down": {"uv": [10.15625, 7, 10, 7.4375], "texture": "#0"}
			}
		},
		{
			"from": [8.25, 4, 7.7875],
			"to": [8.45, 4.25, 12.7875],
			"rotation": {"angle": 0, "axis": "y", "origin": [0, 0, -0.6125]},
			"faces": {
				"north": {"uv": [0, 12, 0.09375, 12.125], "texture": "#0"},
				"east": {"uv": [4.5, 2.5, 7, 2.625], "texture": "#0"},
				"south": {"uv": [12, 0, 12.09375, 0.125], "texture": "#0"},
				"west": {"uv": [4.5, 3, 7, 3.125], "texture": "#0"},
				"up": {"uv": [2.59375, 9, 2.5, 6.5], "texture": "#0"},
				"down": {"uv": [4.09375, 6.5, 4, 9], "texture": "#0"}
			}
		}
	],
	"display": {
		"thirdperson_righthand": {
			"rotation": [0, 180, 0],
			"translation": [0, 5.75, -1.25]
		},
		"thirdperson_lefthand": {
			"rotation": [0, 180, 0],
			"translation": [0, 5.75, -1.25]
		},
		"firstperson_righthand": {
			"rotation": [0, 180, 0],
			"translation": [-0.5, 10, 1.25],
			"scale": [1.3, 1.3, 1.3]
		},
		"firstperson_lefthand": {
			"rotation": [0, 180, 0],
			"translation": [0, 8.75, 1.25],
			"scale": [1.3, 1.3, 1.3]
		},
		"ground": {
			"rotation": [29, 0, 0],
			"translation": [0, 5, 4.5],
			"scale": [1.3, 1.3, 1.3]
		},
		"gui": {
			"rotation": [0, 90, 0],
			"translation": [0.25, 7.25, 0],
			"scale": [1.5, 1.5, 1.5]
		},
		"head": {
			"rotation": [3, 90, 0],
			"translation": [-12.75, 9.25, -0.25],
			"scale": [1.4, 1.4, 1.4]
		},
		"fixed": {
			"rotation": [0, -90, 0],
			"translation": [-0.25, 8, 0],
			"scale": [1.7, 1.7, 1.7]
		}
	},
	"groups": [
		{
			"name": "group",
			"origin": [0, 0, 0],
			"color": 0,
			"nbt": "{}",
			"children": [
				0,
				1,
				2,
				3,
				4,
				5,
				6,
				7,
				8,
				9,
				10,
				11,
				12,
				13,
				14,
				15,
				16,
				17,
				18,
				19,
				20,
				21,
				22,
				23,
				24,
				25,
				26,
				27,
				28,
				29,
				30,
				31,
				32,
				33,
				34,
				35,
				36,
				37,
				38,
				39,
				40,
				41,
				42,
				43,
				44,
				45,
				46,
				47,
				48,
				49,
				50,
				51,
				52,
				53,
				54,
				55
			]
		}
	]
}