{
	"credit": "@buddeljo & @suspectki",
	"textures": {
		"0": "block/cobblestone",
		"1": "block/honey_block_side",
		"2": "block/oak_planks",
		"3": "block/barrel_side",
		"particle": "block/cobblestone"
	},
	"elements": [
		{
			"from": [8, 0, 7],
			"to": [9, 1, 8],
			"shade": false,
			"rotation": {"angle": 0, "axis": "y", "origin": [8, 0, 7]},
			"faces": {
				"north": {"uv": [0, 0, 16, 16], "texture": "#3"},
				"east": {"uv": [0, 0, 16, 16], "texture": "#3"},
				"south": {"uv": [0, 0, 16, 16], "texture": "#3"},
				"west": {"uv": [0, 0, 16, 16], "texture": "#3"},
				"up": {"uv": [0, 0, 16, 16], "texture": "#3"},
				"down": {"uv": [0, 0, 16, 16], "texture": "#3"}
			}
		},
		{
			"from": [7, 0, 7],
			"to": [8, 1, 8],
			"shade": false,
			"rotation": {"angle": 0, "axis": "y", "origin": [7, 0, 7]},
			"faces": {
				"north": {"uv": [0, 0, 16, 16], "texture": "#3"},
				"east": {"uv": [0, 0, 16, 16], "texture": "#3"},
				"south": {"uv": [0, 0, 16, 16], "texture": "#3"},
				"west": {"uv": [0, 0, 16, 16], "texture": "#3"},
				"up": {"uv": [0, 0, 16, 16], "texture": "#3"},
				"down": {"uv": [0, 0, 16, 16], "texture": "#3"}
			}
		},
		{
			"from": [7, 0, 6],
			"to": [8, 1, 7],
			"shade": false,
			"rotation": {"angle": 0, "axis": "y", "origin": [7, 0, 6]},
			"faces": {
				"north": {"uv": [0, 0, 16, 16], "texture": "#3"},
				"east": {"uv": [0, 0, 16, 16], "texture": "#3"},
				"south": {"uv": [0, 0, 16, 16], "texture": "#3"},
				"west": {"uv": [0, 0, 16, 16], "texture": "#3"},
				"up": {"uv": [0, 0, 16, 16], "texture": "#3"},
				"down": {"uv": [0, 0, 16, 16], "texture": "#3"}
			}
		},
		{
			"from": [8, 0, 6],
			"to": [9, 1, 7],
			"shade": false,
			"rotation": {"angle": 0, "axis": "y", "origin": [8, 0, 6]},
			"faces": {
				"north": {"uv": [16, 0, 0, 16], "texture": "#3"},
				"east": {"uv": [16, 0, 0, 16], "texture": "#3"},
				"south": {"uv": [16, 0, 0, 16], "texture": "#2"},
				"west": {"uv": [16, 0, 0, 16], "texture": "#2"},
				"up": {"uv": [16, 0, 0, 16], "texture": "#2"},
				"down": {"uv": [16, 0, 0, 16], "texture": "#3"}
			}
		},
		{
			"from": [8, 0, 8],
			"to": [9, 1, 9],
			"shade": false,
			"rotation": {"angle": 0, "axis": "y", "origin": [8, 0, 8]},
			"faces": {
				"north": {"uv": [16, 0, 0, 16], "texture": "#3"},
				"east": {"uv": [16, 0, 0, 16], "texture": "#3"},
				"south": {"uv": [16, 0, 0, 16], "texture": "#3"},
				"west": {"uv": [16, 0, 0, 16], "texture": "#3"},
				"up": {"uv": [16, 0, 0, 16], "texture": "#3"},
				"down": {"uv": [16, 0, 0, 16], "texture": "#3"}
			}
		},
		{
			"from": [7, 0, 8],
			"to": [8, 1, 9],
			"shade": false,
			"rotation": {"angle": 0, "axis": "y", "origin": [7, 0, 8]},
			"faces": {
				"north": {"uv": [16, 0, 0, 16], "texture": "#3"},
				"east": {"uv": [16, 0, 0, 16], "texture": "#3"},
				"south": {"uv": [16, 0, 0, 16], "texture": "#3"},
				"west": {"uv": [16, 0, 0, 16], "texture": "#3"},
				"up": {"uv": [16, 0, 0, 16], "texture": "#3"},
				"down": {"uv": [16, 0, 0, 16], "texture": "#3"}
			}
		},
		{
			"from": [6, 0, 8],
			"to": [7, 1, 9],
			"shade": false,
			"rotation": {"angle": 0, "axis": "y", "origin": [6, 0, 8]},
			"faces": {
				"north": {"uv": [16, 0, 0, 16], "texture": "#3"},
				"east": {"uv": [16, 0, 0, 16], "texture": "#3"},
				"south": {"uv": [16, 0, 0, 16], "texture": "#3"},
				"west": {"uv": [16, 0, 0, 16], "texture": "#3"},
				"up": {"uv": [16, 0, 0, 16], "texture": "#3"},
				"down": {"uv": [16, 0, 0, 16], "texture": "#3"}
			}
		},
		{
			"from": [6, 0, 7],
			"to": [7, 1, 8],
			"shade": false,
			"rotation": {"angle": 0, "axis": "y", "origin": [6, 0, 7]},
			"faces": {
				"north": {"uv": [16, 0, 0, 16], "texture": "#3"},
				"east": {"uv": [16, 0, 0, 16], "texture": "#3"},
				"south": {"uv": [16, 0, 0, 16], "texture": "#3"},
				"west": {"uv": [16, 0, 0, 16], "texture": "#3"},
				"up": {"uv": [16, 0, 0, 16], "texture": "#3"},
				"down": {"uv": [16, 0, 0, 16], "texture": "#3"}
			}
		},
		{
			"from": [5, 1, 8],
			"to": [6, 2, 9],
			"shade": false,
			"rotation": {"angle": 0, "axis": "y", "origin": [5, 1, 8]},
			"faces": {
				"north": {"uv": [16, 0, 0, 16], "texture": "#3"},
				"east": {"uv": [16, 0, 0, 16], "texture": "#3"},
				"south": {"uv": [16, 0, 0, 16], "texture": "#3"},
				"west": {"uv": [16, 0, 0, 16], "texture": "#3"},
				"up": {"uv": [16, 0, 0, 16], "texture": "#3"},
				"down": {"uv": [16, 0, 0, 16], "texture": "#3"}
			}
		},
		{
			"from": [10, 1, 7],
			"to": [11, 2, 8],
			"shade": false,
			"rotation": {"angle": 0, "axis": "y", "origin": [10, 1, 7]},
			"faces": {
				"north": {"uv": [16, 0, 0, 16], "texture": "#3"},
				"east": {"uv": [16, 0, 0, 16], "texture": "#3"},
				"south": {"uv": [8, 8, 7, 9], "texture": "#missing"},
				"west": {"uv": [5, 8, 4, 9], "texture": "#2"},
				"up": {"uv": [5, 8, 6, 7], "texture": "#missing"},
				"down": {"uv": [0, 0, 16, 16], "texture": "#3"}
			}
		},
		{
			"from": [10, 1, 8],
			"to": [11, 2, 9],
			"shade": false,
			"rotation": {"angle": 0, "axis": "y", "origin": [10, 1, 8]},
			"faces": {
				"north": {"uv": [6, 8, 5, 9], "texture": "#3"},
				"east": {"uv": [16, 0, 0, 16], "texture": "#3"},
				"south": {"uv": [16, 0, 0, 16], "texture": "#3"},
				"west": {"uv": [5, 8, 4, 9], "texture": "#missing"},
				"up": {"uv": [5, 8, 6, 7], "texture": "#missing"},
				"down": {"uv": [0, 0, 16, 16], "texture": "#3"}
			}
		},
		{
			"from": [6, 1, 9],
			"to": [7, 2, 10],
			"shade": false,
			"rotation": {"angle": 0, "axis": "y", "origin": [6, 1, 9]},
			"faces": {
				"north": {"uv": [16, 0, 0, 16], "texture": "#3"},
				"east": {"uv": [16, 0, 0, 16], "texture": "#3"},
				"south": {"uv": [16, 0, 0, 16], "texture": "#3"},
				"west": {"uv": [16, 0, 0, 16], "texture": "#3"},
				"up": {"uv": [16, 0, 0, 16], "texture": "#3"},
				"down": {"uv": [16, 0, 0, 16], "texture": "#3"}
			}
		},
		{
			"from": [7, 1, 10],
			"to": [8, 2, 11],
			"shade": false,
			"rotation": {"angle": 0, "axis": "y", "origin": [7, 1, 10]},
			"faces": {
				"north": {"uv": [0, 0, 16, 16], "texture": "#3"},
				"east": {"uv": [0, 0, 16, 16], "texture": "#3"},
				"south": {"uv": [0, 0, 16, 16], "texture": "#3"},
				"west": {"uv": [0, 0, 16, 16], "texture": "#3"},
				"up": {"uv": [0, 0, 16, 16], "texture": "#3"},
				"down": {"uv": [0, 0, 16, 16], "texture": "#3"}
			}
		},
		{
			"from": [8, 1, 10],
			"to": [9, 2, 11],
			"shade": false,
			"rotation": {"angle": 0, "axis": "y", "origin": [8, 1, 10]},
			"faces": {
				"north": {"uv": [0, 0, 16, 16], "texture": "#3"},
				"east": {"uv": [0, 0, 16, 16], "texture": "#3"},
				"south": {"uv": [0, 0, 16, 16], "texture": "#3"},
				"west": {"uv": [0, 0, 16, 16], "texture": "#3"},
				"up": {"uv": [0, 0, 16, 16], "texture": "#3"},
				"down": {"uv": [0, 0, 16, 16], "texture": "#3"}
			}
		},
		{
			"from": [8, 1, 5],
			"to": [9, 2, 6],
			"shade": false,
			"rotation": {"angle": 0, "axis": "y", "origin": [8, 1, 5]},
			"faces": {
				"north": {"uv": [16, 0, 0, 16], "texture": "#3"},
				"east": {"uv": [16, 0, 0, 16], "texture": "#3"},
				"south": {"uv": [8, 8, 7, 9], "texture": "#missing"},
				"west": {"uv": [5, 8, 4, 9], "texture": "#2"},
				"up": {"uv": [5, 8, 6, 7], "texture": "#missing"},
				"down": {"uv": [0, 0, 16, 16], "texture": "#3"}
			}
		},
		{
			"from": [7, 1, 5],
			"to": [8, 2, 6],
			"shade": false,
			"rotation": {"angle": 0, "axis": "y", "origin": [7, 1, 5]},
			"faces": {
				"north": {"uv": [16, 0, 0, 16], "texture": "#3"},
				"east": {"uv": [7, 6.5, 5.5, 9], "texture": "#3"},
				"south": {"uv": [8, 8, 7, 9], "texture": "#missing"},
				"west": {"uv": [16, 0, 0, 16], "texture": "#3"},
				"up": {"uv": [5, 8, 6, 7], "texture": "#missing"},
				"down": {"uv": [0, 0, 16, 16], "texture": "#3"}
			}
		},
		{
			"from": [9, 1, 9],
			"to": [10, 2, 10],
			"shade": false,
			"rotation": {"angle": 0, "axis": "y", "origin": [9, 1, 9]},
			"faces": {
				"north": {"uv": [6, 8, 5, 9], "texture": "#3"},
				"east": {"uv": [16, 0, 0, 16], "texture": "#3"},
				"south": {"uv": [16, 0, 0, 16], "texture": "#3"},
				"west": {"uv": [5, 8, 4, 9], "texture": "#missing"},
				"up": {"uv": [5, 8, 6, 7], "texture": "#missing"},
				"down": {"uv": [0, 0, 16, 16], "texture": "#3"}
			}
		},
		{
			"from": [9, 1, 6],
			"to": [10, 2, 7],
			"shade": false,
			"rotation": {"angle": 0, "axis": "y", "origin": [9, 1, 6]},
			"faces": {
				"north": {"uv": [16, 0, 0, 16], "texture": "#3"},
				"east": {"uv": [16, 0, 0, 16], "texture": "#3"},
				"south": {"uv": [8, 8, 7, 9], "texture": "#missing"},
				"west": {"uv": [5, 8, 4, 9], "texture": "#2"},
				"up": {"uv": [5, 8, 6, 7], "texture": "#missing"},
				"down": {"uv": [0, 0, 16, 16], "texture": "#3"}
			}
		},
		{
			"from": [6, 1, 6],
			"to": [7, 2, 7],
			"shade": false,
			"rotation": {"angle": 0, "axis": "y", "origin": [6, 1, 6]},
			"faces": {
				"north": {"uv": [16, 0, 0, 16], "texture": "#3"},
				"east": {"uv": [7, 6.5, 5.5, 9], "texture": "#3"},
				"south": {"uv": [8, 8, 7, 9], "texture": "#missing"},
				"west": {"uv": [16, 0, 0, 16], "texture": "#3"},
				"up": {"uv": [5, 8, 6, 7], "texture": "#missing"},
				"down": {"uv": [0, 0, 16, 16], "texture": "#3"}
			}
		},
		{
			"from": [5, 2, 8],
			"to": [6, 3, 9],
			"shade": false,
			"rotation": {"angle": 0, "axis": "y", "origin": [5, 2, 8]},
			"faces": {
				"north": {"uv": [16, 0, 0, 16], "texture": "#3"},
				"east": {"uv": [16, 0, 0, 16], "texture": "#3"},
				"south": {"uv": [16, 0, 0, 16], "texture": "#3"},
				"west": {"uv": [16, 0, 0, 16], "texture": "#3"},
				"up": {"uv": [16, 0, 0, 16], "texture": "#3"},
				"down": {"uv": [16, 0, 0, 16], "texture": "#3"}
			}
		},
		{
			"from": [5, 2, 7],
			"to": [6, 3, 8],
			"shade": false,
			"rotation": {"angle": 0, "axis": "y", "origin": [5, 2, 7]},
			"faces": {
				"north": {"uv": [16, 0, 0, 16], "texture": "#3"},
				"east": {"uv": [16, 0, 0, 16], "texture": "#3"},
				"south": {"uv": [16, 0, 0, 16], "texture": "#3"},
				"west": {"uv": [16, 0, 0, 16], "texture": "#3"},
				"up": {"uv": [16, 0, 0, 16], "texture": "#3"},
				"down": {"uv": [16, 0, 0, 16], "texture": "#3"}
			}
		},
		{
			"from": [6, 2, 6],
			"to": [7, 3, 7],
			"shade": false,
			"rotation": {"angle": 0, "axis": "y", "origin": [6, 2, 6]},
			"faces": {
				"north": {"uv": [16, 0, 0, 16], "texture": "#3"},
				"east": {"uv": [7, 6.5, 5.5, 9], "texture": "#3"},
				"south": {"uv": [8, 8, 7, 9], "texture": "#missing"},
				"west": {"uv": [16, 0, 0, 16], "texture": "#3"},
				"up": {"uv": [5, 8, 6, 7], "texture": "#missing"},
				"down": {"uv": [6, 7, 7, 8], "texture": "#missing"}
			}
		},
		{
			"from": [7, 2, 5],
			"to": [8, 3, 6],
			"shade": false,
			"rotation": {"angle": 0, "axis": "y", "origin": [7, 2, 5]},
			"faces": {
				"north": {"uv": [16, 0, 0, 16], "texture": "#3"},
				"east": {"uv": [7, 6.5, 5.5, 9], "texture": "#3"},
				"south": {"uv": [8, 8, 7, 9], "texture": "#missing"},
				"west": {"uv": [16, 0, 0, 16], "texture": "#3"},
				"up": {"uv": [5, 8, 6, 7], "texture": "#missing"},
				"down": {"uv": [6, 7, 7, 8], "texture": "#missing"}
			}
		},
		{
			"from": [8, 2, 5],
			"to": [9, 3, 6],
			"shade": false,
			"rotation": {"angle": 0, "axis": "y", "origin": [8, 2, 5]},
			"faces": {
				"north": {"uv": [16, 0, 0, 16], "texture": "#3"},
				"east": {"uv": [16, 0, 0, 16], "texture": "#3"},
				"south": {"uv": [8, 8, 7, 9], "texture": "#missing"},
				"west": {"uv": [5, 8, 4, 9], "texture": "#2"},
				"up": {"uv": [5, 8, 6, 7], "texture": "#missing"},
				"down": {"uv": [6, 7, 7, 8], "texture": "#missing"}
			}
		},
		{
			"from": [9, 2, 6],
			"to": [10, 3, 7],
			"shade": false,
			"rotation": {"angle": 0, "axis": "y", "origin": [9, 2, 6]},
			"faces": {
				"north": {"uv": [16, 0, 0, 16], "texture": "#3"},
				"east": {"uv": [16, 0, 0, 16], "texture": "#3"},
				"south": {"uv": [8, 8, 7, 9], "texture": "#missing"},
				"west": {"uv": [5, 8, 4, 9], "texture": "#2"},
				"up": {"uv": [5, 8, 6, 7], "texture": "#missing"},
				"down": {"uv": [6, 7, 7, 8], "texture": "#missing"}
			}
		},
		{
			"from": [10, 2, 7],
			"to": [11, 3, 8],
			"shade": false,
			"rotation": {"angle": 0, "axis": "y", "origin": [10, 2, 7]},
			"faces": {
				"north": {"uv": [16, 0, 0, 16], "texture": "#3"},
				"east": {"uv": [16, 0, 0, 16], "texture": "#3"},
				"south": {"uv": [8, 8, 7, 9], "texture": "#missing"},
				"west": {"uv": [5, 8, 4, 9], "texture": "#2"},
				"up": {"uv": [5, 8, 6, 7], "texture": "#missing"},
				"down": {"uv": [6, 7, 7, 8], "texture": "#missing"}
			}
		},
		{
			"from": [10, 2, 8],
			"to": [11, 3, 9],
			"shade": false,
			"rotation": {"angle": 0, "axis": "y", "origin": [10, 2, 8]},
			"faces": {
				"north": {"uv": [16, 0, 0, 16], "texture": "#3"},
				"east": {"uv": [16, 0, 0, 16], "texture": "#3"},
				"south": {"uv": [16, 0, 0, 16], "texture": "#3"},
				"west": {"uv": [16, 0, 0, 16], "texture": "#3"},
				"up": {"uv": [16, 0, 0, 16], "texture": "#3"},
				"down": {"uv": [16, 0, 0, 16], "texture": "#3"}
			}
		},
		{
			"from": [9, 2, 9],
			"to": [10, 3, 10],
			"shade": false,
			"rotation": {"angle": 0, "axis": "y", "origin": [9, 2, 9]},
			"faces": {
				"north": {"uv": [16, 0, 0, 16], "texture": "#3"},
				"east": {"uv": [16, 0, 0, 16], "texture": "#3"},
				"south": {"uv": [16, 0, 0, 16], "texture": "#3"},
				"west": {"uv": [16, 0, 0, 16], "texture": "#3"},
				"up": {"uv": [16, 0, 0, 16], "texture": "#3"},
				"down": {"uv": [16, 0, 0, 16], "texture": "#3"}
			}
		},
		{
			"from": [8, 2, 10],
			"to": [9, 3, 11],
			"shade": false,
			"rotation": {"angle": 0, "axis": "y", "origin": [8, 2, 10]},
			"faces": {
				"north": {"uv": [6, 8, 5, 9], "texture": "#missing"},
				"east": {"uv": [16, 0, 0, 16], "rotation": 180, "texture": "#3"},
				"south": {"uv": [16, 0, 0, 16], "rotation": 180, "texture": "#3"},
				"west": {"uv": [16, 0, 0, 16], "texture": "#0"},
				"up": {"uv": [5, 8, 6, 7], "texture": "#missing"},
				"down": {"uv": [6, 7, 7, 8], "texture": "#missing"}
			}
		},
		{
			"from": [7, 2, 10],
			"to": [8, 3, 11],
			"shade": false,
			"rotation": {"angle": 0, "axis": "y", "origin": [7, 2, 10]},
			"faces": {
				"north": {"uv": [16, 0, 0, 16], "texture": "#3"},
				"east": {"uv": [16, 0, 0, 16], "texture": "#3"},
				"south": {"uv": [16, 0, 0, 16], "texture": "#3"},
				"west": {"uv": [16, 0, 0, 16], "texture": "#3"},
				"up": {"uv": [16, 0, 0, 16], "texture": "#3"},
				"down": {"uv": [16, 0, 0, 16], "texture": "#3"}
			}
		},
		{
			"from": [6, 2, 9],
			"to": [7, 3, 10],
			"shade": false,
			"rotation": {"angle": 0, "axis": "y", "origin": [6, 2, 9]},
			"faces": {
				"north": {"uv": [16, 0, 0, 16], "texture": "#3"},
				"east": {"uv": [16, 0, 0, 16], "texture": "#3"},
				"south": {"uv": [16, 0, 0, 16], "texture": "#3"},
				"west": {"uv": [16, 0, 0, 16], "texture": "#3"},
				"up": {"uv": [16, 0, 0, 16], "texture": "#3"},
				"down": {"uv": [16, 0, 0, 16], "texture": "#3"}
			}
		},
		{
			"from": [5, 3, 8],
			"to": [6, 4, 9],
			"shade": false,
			"rotation": {"angle": 0, "axis": "y", "origin": [5, 3, 8]},
			"faces": {
				"north": {"uv": [16, 0, 0, 16], "texture": "#3"},
				"east": {"uv": [16, 0, 0, 16], "texture": "#3"},
				"south": {"uv": [16, 0, 0, 16], "texture": "#3"},
				"west": {"uv": [16, 0, 0, 16], "texture": "#3"},
				"up": {"uv": [16, 0, 0, 16], "texture": "#3"},
				"down": {"uv": [16, 0, 0, 16], "texture": "#3"}
			}
		},
		{
			"from": [5, 3, 7],
			"to": [6, 4, 8],
			"shade": false,
			"rotation": {"angle": 0, "axis": "y", "origin": [5, 3, 7]},
			"faces": {
				"north": {"uv": [16, 0, 0, 16], "texture": "#3"},
				"east": {"uv": [16, 0, 0, 16], "texture": "#3"},
				"south": {"uv": [16, 0, 0, 16], "texture": "#3"},
				"west": {"uv": [16, 0, 0, 16], "texture": "#3"},
				"up": {"uv": [16, 0, 0, 16], "texture": "#3"},
				"down": {"uv": [16, 0, 0, 16], "texture": "#3"}
			}
		},
		{
			"from": [6, 3, 6],
			"to": [7, 4, 7],
			"shade": false,
			"rotation": {"angle": 0, "axis": "y", "origin": [6, 3, 6]},
			"faces": {
				"north": {"uv": [16, 0, 0, 16], "texture": "#3"},
				"east": {"uv": [16, 0, 0, 16], "texture": "#3"},
				"south": {"uv": [16, 0, 0, 16], "texture": "#3"},
				"west": {"uv": [16, 0, 0, 16], "texture": "#3"},
				"up": {"uv": [16, 0, 0, 16], "texture": "#3"},
				"down": {"uv": [16, 0, 0, 16], "texture": "#3"}
			}
		},
		{
			"from": [7, 3, 5],
			"to": [8, 4, 6],
			"shade": false,
			"rotation": {"angle": 0, "axis": "y", "origin": [7, 3, 5]},
			"faces": {
				"north": {"uv": [16, 0, 0, 16], "texture": "#3"},
				"east": {"uv": [16, 0, 0, 16], "texture": "#3"},
				"south": {"uv": [16, 0, 0, 16], "texture": "#3"},
				"west": {"uv": [16, 0, 0, 16], "texture": "#3"},
				"up": {"uv": [16, 0, 0, 16], "texture": "#3"},
				"down": {"uv": [16, 0, 0, 16], "texture": "#3"}
			}
		},
		{
			"from": [8, 3, 5],
			"to": [9, 4, 6],
			"shade": false,
			"rotation": {"angle": 0, "axis": "y", "origin": [8, 3, 5]},
			"faces": {
				"north": {"uv": [16, 0, 0, 16], "texture": "#3"},
				"east": {"uv": [16, 0, 0, 16], "texture": "#3"},
				"south": {"uv": [16, 0, 0, 16], "texture": "#3"},
				"west": {"uv": [16, 0, 0, 16], "texture": "#3"},
				"up": {"uv": [16, 0, 0, 16], "texture": "#3"},
				"down": {"uv": [16, 0, 0, 16], "texture": "#3"}
			}
		},
		{
			"from": [9, 3, 6],
			"to": [10, 4, 7],
			"shade": false,
			"rotation": {"angle": 0, "axis": "y", "origin": [9, 3, 6]},
			"faces": {
				"north": {"uv": [16, 0, 0, 16], "texture": "#3"},
				"east": {"uv": [16, 0, 0, 16], "texture": "#3"},
				"south": {"uv": [16, 0, 0, 16], "texture": "#3"},
				"west": {"uv": [16, 0, 0, 16], "texture": "#3"},
				"up": {"uv": [16, 0, 0, 16], "texture": "#3"},
				"down": {"uv": [16, 0, 0, 16], "texture": "#3"}
			}
		},
		{
			"from": [10, 3, 7],
			"to": [11, 4, 8],
			"shade": false,
			"rotation": {"angle": 0, "axis": "y", "origin": [10, 3, 7]},
			"faces": {
				"north": {"uv": [16, 0, 0, 16], "texture": "#3"},
				"east": {"uv": [16, 0, 0, 16], "texture": "#3"},
				"south": {"uv": [16, 0, 0, 16], "texture": "#3"},
				"west": {"uv": [16, 0, 0, 16], "texture": "#3"},
				"up": {"uv": [16, 0, 0, 16], "texture": "#3"},
				"down": {"uv": [16, 0, 0, 16], "texture": "#3"}
			}
		},
		{
			"from": [10, 3, 8],
			"to": [11, 4, 9],
			"shade": false,
			"rotation": {"angle": 0, "axis": "y", "origin": [10, 3, 8]},
			"faces": {
				"north": {"uv": [16, 0, 0, 16], "texture": "#3"},
				"east": {"uv": [16, 0, 0, 16], "texture": "#3"},
				"south": {"uv": [16, 0, 0, 16], "texture": "#3"},
				"west": {"uv": [16, 0, 0, 16], "texture": "#3"},
				"up": {"uv": [16, 0, 0, 16], "texture": "#3"},
				"down": {"uv": [16, 0, 0, 16], "texture": "#3"}
			}
		},
		{
			"from": [9, 3, 9],
			"to": [10, 4, 10],
			"shade": false,
			"rotation": {"angle": 0, "axis": "y", "origin": [9, 3, 9]},
			"faces": {
				"north": {"uv": [16, 0, 0, 16], "texture": "#3"},
				"east": {"uv": [16, 0, 0, 16], "texture": "#3"},
				"south": {"uv": [16, 0, 0, 16], "texture": "#3"},
				"west": {"uv": [16, 0, 0, 16], "texture": "#3"},
				"up": {"uv": [16, 0, 0, 16], "texture": "#3"},
				"down": {"uv": [16, 0, 0, 16], "texture": "#3"}
			}
		},
		{
			"from": [8, 3, 10],
			"to": [9, 4, 11],
			"shade": false,
			"rotation": {"angle": 0, "axis": "y", "origin": [8, 3, 10]},
			"faces": {
				"north": {"uv": [16, 0, 0, 16], "texture": "#3"},
				"east": {"uv": [16, 0, 0, 16], "texture": "#3"},
				"south": {"uv": [16, 0, 0, 16], "texture": "#3"},
				"west": {"uv": [16, 0, 0, 16], "texture": "#3"},
				"up": {"uv": [16, 0, 0, 16], "texture": "#3"},
				"down": {"uv": [16, 0, 0, 16], "texture": "#3"}
			}
		},
		{
			"from": [7, 3, 10],
			"to": [8, 4, 11],
			"shade": false,
			"rotation": {"angle": 0, "axis": "y", "origin": [7, 3, 10]},
			"faces": {
				"north": {"uv": [16, 0, 0, 16], "texture": "#3"},
				"east": {"uv": [16, 0, 0, 16], "texture": "#3"},
				"south": {"uv": [16, 0, 0, 16], "texture": "#3"},
				"west": {"uv": [16, 0, 0, 16], "texture": "#3"},
				"up": {"uv": [16, 0, 0, 16], "texture": "#3"},
				"down": {"uv": [16, 0, 0, 16], "texture": "#3"}
			}
		},
		{
			"from": [6, 3, 9],
			"to": [7, 4, 10],
			"shade": false,
			"rotation": {"angle": 0, "axis": "y", "origin": [6, 3, 9]},
			"faces": {
				"north": {"uv": [16, 0, 0, 16], "texture": "#3"},
				"east": {"uv": [16, 0, 0, 16], "texture": "#3"},
				"south": {"uv": [16, 0, 0, 16], "texture": "#3"},
				"west": {"uv": [16, 0, 0, 16], "texture": "#3"},
				"up": {"uv": [16, 0, 0, 16], "texture": "#3"},
				"down": {"uv": [16, 0, 0, 16], "texture": "#3"}
			}
		},
		{
			"from": [5, 4, 8],
			"to": [6, 5, 9],
			"shade": false,
			"rotation": {"angle": 0, "axis": "y", "origin": [5, 4, 8]},
			"faces": {
				"north": {"uv": [16, 0, 0, 16], "texture": "#3"},
				"east": {"uv": [16, 0, 0, 16], "texture": "#3"},
				"south": {"uv": [16, 0, 0, 16], "texture": "#3"},
				"west": {"uv": [16, 0, 0, 16], "texture": "#3"},
				"up": {"uv": [16, 0, 0, 16], "texture": "#3"},
				"down": {"uv": [16, 0, 0, 16], "texture": "#3"}
			}
		},
		{
			"from": [5, 4, 7],
			"to": [6, 5, 8],
			"shade": false,
			"rotation": {"angle": 0, "axis": "y", "origin": [5, 4, 7]},
			"faces": {
				"north": {"uv": [16, 0, 0, 16], "texture": "#3"},
				"east": {"uv": [16, 0, 0, 16], "texture": "#3"},
				"south": {"uv": [16, 0, 0, 16], "texture": "#3"},
				"west": {"uv": [16, 0, 0, 16], "texture": "#3"},
				"up": {"uv": [16, 0, 0, 16], "texture": "#3"},
				"down": {"uv": [16, 0, 0, 16], "texture": "#3"}
			}
		},
		{
			"from": [6, 4, 6],
			"to": [7, 5, 7],
			"shade": false,
			"rotation": {"angle": 0, "axis": "y", "origin": [6, 4, 6]},
			"faces": {
				"north": {"uv": [16, 0, 0, 16], "texture": "#3"},
				"east": {"uv": [16, 0, 0, 16], "texture": "#3"},
				"south": {"uv": [16, 0, 0, 16], "texture": "#3"},
				"west": {"uv": [16, 0, 0, 16], "texture": "#3"},
				"up": {"uv": [16, 0, 0, 16], "texture": "#3"},
				"down": {"uv": [16, 0, 0, 16], "texture": "#3"}
			}
		},
		{
			"from": [7, 4, 5],
			"to": [8, 5, 6],
			"shade": false,
			"rotation": {"angle": 0, "axis": "y", "origin": [7, 4, 5]},
			"faces": {
				"north": {"uv": [16, 0, 0, 16], "texture": "#3"},
				"east": {"uv": [16, 0, 0, 16], "texture": "#3"},
				"south": {"uv": [16, 0, 0, 16], "texture": "#3"},
				"west": {"uv": [16, 0, 0, 16], "texture": "#3"},
				"up": {"uv": [16, 0, 0, 16], "texture": "#3"},
				"down": {"uv": [16, 0, 0, 16], "texture": "#3"}
			}
		},
		{
			"from": [8, 4, 5],
			"to": [9, 5, 6],
			"shade": false,
			"rotation": {"angle": 0, "axis": "y", "origin": [8, 4, 5]},
			"faces": {
				"north": {"uv": [16, 0, 0, 16], "texture": "#3"},
				"east": {"uv": [16, 0, 0, 16], "texture": "#3"},
				"south": {"uv": [16, 0, 0, 16], "texture": "#3"},
				"west": {"uv": [16, 0, 0, 16], "texture": "#3"},
				"up": {"uv": [16, 0, 0, 16], "texture": "#3"},
				"down": {"uv": [16, 0, 0, 16], "texture": "#3"}
			}
		},
		{
			"from": [9, 4, 6],
			"to": [10, 5, 7],
			"shade": false,
			"rotation": {"angle": 0, "axis": "y", "origin": [9, 4, 6]},
			"faces": {
				"north": {"uv": [16, 0, 0, 16], "texture": "#3"},
				"east": {"uv": [16, 0, 0, 16], "texture": "#3"},
				"south": {"uv": [16, 0, 0, 16], "texture": "#3"},
				"west": {"uv": [16, 0, 0, 16], "texture": "#3"},
				"up": {"uv": [16, 0, 0, 16], "texture": "#3"},
				"down": {"uv": [16, 0, 0, 16], "texture": "#3"}
			}
		},
		{
			"from": [10, 4, 7],
			"to": [11, 5, 8],
			"shade": false,
			"rotation": {"angle": 0, "axis": "y", "origin": [10, 4, 7]},
			"faces": {
				"north": {"uv": [16, 0, 0, 16], "texture": "#3"},
				"east": {"uv": [16, 0, 0, 16], "texture": "#3"},
				"south": {"uv": [16, 0, 0, 16], "texture": "#3"},
				"west": {"uv": [16, 0, 0, 16], "texture": "#3"},
				"up": {"uv": [16, 0, 0, 16], "texture": "#3"},
				"down": {"uv": [16, 0, 0, 16], "texture": "#3"}
			}
		},
		{
			"from": [10, 4, 8],
			"to": [11, 5, 9],
			"shade": false,
			"rotation": {"angle": 0, "axis": "y", "origin": [10, 4, 8]},
			"faces": {
				"north": {"uv": [16, 0, 0, 16], "texture": "#3"},
				"east": {"uv": [16, 0, 0, 16], "texture": "#3"},
				"south": {"uv": [16, 0, 0, 16], "texture": "#3"},
				"west": {"uv": [16, 0, 0, 16], "texture": "#3"},
				"up": {"uv": [16, 0, 0, 16], "texture": "#3"},
				"down": {"uv": [16, 0, 0, 16], "texture": "#3"}
			}
		},
		{
			"from": [9, 4, 9],
			"to": [10, 5, 10],
			"shade": false,
			"rotation": {"angle": 0, "axis": "y", "origin": [9, 4, 9]},
			"faces": {
				"north": {"uv": [16, 0, 0, 16], "texture": "#3"},
				"east": {"uv": [16, 0, 0, 16], "texture": "#3"},
				"south": {"uv": [16, 0, 0, 16], "texture": "#3"},
				"west": {"uv": [16, 0, 0, 16], "texture": "#3"},
				"up": {"uv": [16, 0, 0, 16], "texture": "#3"},
				"down": {"uv": [16, 0, 0, 16], "texture": "#3"}
			}
		},
		{
			"from": [8, 4, 10],
			"to": [9, 5, 11],
			"shade": false,
			"rotation": {"angle": 0, "axis": "y", "origin": [8, 4, 10]},
			"faces": {
				"north": {"uv": [16, 0, 0, 16], "texture": "#3"},
				"east": {"uv": [16, 0, 0, 16], "texture": "#3"},
				"south": {"uv": [16, 0, 0, 16], "texture": "#3"},
				"west": {"uv": [16, 0, 0, 16], "texture": "#3"},
				"up": {"uv": [16, 0, 0, 16], "texture": "#3"},
				"down": {"uv": [16, 0, 0, 16], "texture": "#3"}
			}
		},
		{
			"from": [7, 4, 10],
			"to": [8, 5, 11],
			"shade": false,
			"rotation": {"angle": 0, "axis": "y", "origin": [7, 4, 10]},
			"faces": {
				"north": {"uv": [16, 0, 0, 16], "texture": "#3"},
				"east": {"uv": [16, 0, 0, 16], "texture": "#3"},
				"south": {"uv": [16, 0, 0, 16], "texture": "#3"},
				"west": {"uv": [16, 0, 0, 16], "texture": "#3"},
				"up": {"uv": [16, 0, 0, 16], "texture": "#3"},
				"down": {"uv": [16, 0, 0, 16], "texture": "#3"}
			}
		},
		{
			"from": [6, 4, 9],
			"to": [7, 5, 10],
			"shade": false,
			"rotation": {"angle": 0, "axis": "y", "origin": [6, 4, 9]},
			"faces": {
				"north": {"uv": [16, 0, 0, 16], "texture": "#3"},
				"east": {"uv": [16, 0, 0, 16], "texture": "#3"},
				"south": {"uv": [16, 0, 0, 16], "texture": "#3"},
				"west": {"uv": [16, 0, 0, 16], "texture": "#3"},
				"up": {"uv": [16, 0, 0, 16], "texture": "#3"},
				"down": {"uv": [16, 0, 0, 16], "texture": "#3"}
			}
		},
		{
			"from": [7, 5, 5],
			"to": [8, 6, 6],
			"shade": false,
			"rotation": {"angle": 0, "axis": "y", "origin": [7, 5, 5]},
			"faces": {
				"north": {"uv": [16, 0, 0, 16], "texture": "#3"},
				"east": {"uv": [16, 0, 0, 16], "texture": "#3"},
				"south": {"uv": [16, 0, 0, 16], "texture": "#3"},
				"west": {"uv": [16, 0, 0, 16], "texture": "#3"},
				"up": {"uv": [16, 0, 0, 16], "texture": "#3"},
				"down": {"uv": [16, 0, 0, 16], "texture": "#3"}
			}
		},
		{
			"from": [8, 5, 5],
			"to": [9, 6, 6],
			"shade": false,
			"rotation": {"angle": 0, "axis": "y", "origin": [8, 5, 5]},
			"faces": {
				"north": {"uv": [16, 0, 0, 16], "texture": "#3"},
				"east": {"uv": [16, 0, 0, 16], "texture": "#3"},
				"south": {"uv": [16, 0, 0, 16], "texture": "#3"},
				"west": {"uv": [16, 0, 0, 16], "texture": "#3"},
				"up": {"uv": [16, 0, 0, 16], "texture": "#3"},
				"down": {"uv": [16, 0, 0, 16], "texture": "#3"}
			}
		},
		{
			"from": [7.5, 5, 11],
			"to": [8.5, 6, 12],
			"shade": false,
			"rotation": {"angle": 0, "axis": "y", "origin": [8, 5, 5]},
			"faces": {
				"north": {"uv": [16, 0, 0, 16], "texture": "#3"},
				"east": {"uv": [16, 0, 0, 16], "texture": "#3"},
				"south": {"uv": [16, 0, 0, 16], "texture": "#3"},
				"west": {"uv": [16, 0, 0, 16], "texture": "#3"},
				"up": {"uv": [16, 0, 0, 16], "texture": "#3"},
				"down": {"uv": [16, 0, 0, 16], "texture": "#3"}
			}
		},
		{
			"from": [7.5, 4, 12],
			"to": [8.5, 5, 13],
			"shade": false,
			"rotation": {"angle": 0, "axis": "y", "origin": [8, 5, 5]},
			"faces": {
				"north": {"uv": [16, 0, 0, 16], "texture": "#3"},
				"east": {"uv": [16, 0, 0, 16], "texture": "#3"},
				"south": {"uv": [16, 0, 0, 16], "texture": "#3"},
				"west": {"uv": [16, 0, 0, 16], "texture": "#3"},
				"up": {"uv": [16, 0, 0, 16], "texture": "#3"},
				"down": {"uv": [16, 0, 0, 16], "texture": "#3"}
			}
		},
		{
			"from": [7.5, 3, 12],
			"to": [8.5, 4, 13],
			"shade": false,
			"rotation": {"angle": 0, "axis": "y", "origin": [8, 5, 5]},
			"faces": {
				"north": {"uv": [16, 0, 0, 16], "texture": "#3"},
				"east": {"uv": [16, 0, 0, 16], "texture": "#3"},
				"south": {"uv": [16, 0, 0, 16], "texture": "#3"},
				"west": {"uv": [16, 0, 0, 16], "texture": "#3"},
				"up": {"uv": [16, 0, 0, 16], "texture": "#3"},
				"down": {"uv": [16, 0, 0, 16], "texture": "#3"}
			}
		},
		{
			"from": [7.5, 2, 12],
			"to": [8.5, 3, 13],
			"shade": false,
			"rotation": {"angle": 0, "axis": "y", "origin": [8, 5, 5]},
			"faces": {
				"north": {"uv": [16, 0, 0, 16], "texture": "#3"},
				"east": {"uv": [16, 0, 0, 16], "texture": "#3"},
				"south": {"uv": [16, 0, 0, 16], "texture": "#3"},
				"west": {"uv": [16, 0, 0, 16], "texture": "#3"},
				"up": {"uv": [16, 0, 0, 16], "texture": "#3"},
				"down": {"uv": [16, 0, 0, 16], "texture": "#3"}
			}
		},
		{
			"from": [7.5, 1, 11],
			"to": [8.5, 2, 12],
			"shade": false,
			"rotation": {"angle": 0, "axis": "y", "origin": [8, 1, 5]},
			"faces": {
				"north": {"uv": [0, 0, 16, 16], "texture": "#3"},
				"east": {"uv": [0, 0, 16, 16], "texture": "#3"},
				"south": {"uv": [0, 0, 16, 16], "texture": "#3"},
				"west": {"uv": [0, 0, 16, 16], "texture": "#3"},
				"up": {"uv": [0, 0, 16, 16], "texture": "#3"},
				"down": {"uv": [0, 0, 16, 16], "texture": "#3"}
			}
		},
		{
			"from": [9, 5, 6],
			"to": [10, 6, 7],
			"shade": false,
			"rotation": {"angle": 0, "axis": "y", "origin": [9, 5, 6]},
			"faces": {
				"north": {"uv": [16, 0, 0, 16], "texture": "#3"},
				"east": {"uv": [16, 0, 0, 16], "texture": "#3"},
				"south": {"uv": [16, 0, 0, 16], "texture": "#3"},
				"west": {"uv": [16, 0, 0, 16], "texture": "#3"},
				"up": {"uv": [16, 0, 0, 16], "texture": "#3"},
				"down": {"uv": [16, 0, 0, 16], "texture": "#3"}
			}
		},
		{
			"from": [10, 5, 7],
			"to": [11, 6, 8],
			"shade": false,
			"rotation": {"angle": 0, "axis": "y", "origin": [10, 5, 7]},
			"faces": {
				"north": {"uv": [16, 0, 0, 16], "texture": "#3"},
				"east": {"uv": [16, 0, 0, 16], "texture": "#3"},
				"south": {"uv": [16, 0, 0, 16], "texture": "#3"},
				"west": {"uv": [16, 0, 0, 16], "texture": "#3"},
				"up": {"uv": [16, 0, 0, 16], "texture": "#3"},
				"down": {"uv": [16, 0, 0, 16], "texture": "#3"}
			}
		},
		{
			"from": [10, 5, 8],
			"to": [11, 6, 9],
			"shade": false,
			"rotation": {"angle": 0, "axis": "y", "origin": [10, 5, 8]},
			"faces": {
				"north": {"uv": [16, 0, 0, 16], "texture": "#3"},
				"east": {"uv": [16, 0, 0, 16], "texture": "#3"},
				"south": {"uv": [16, 0, 0, 16], "texture": "#3"},
				"west": {"uv": [16, 0, 0, 16], "texture": "#3"},
				"up": {"uv": [16, 0, 0, 16], "texture": "#3"},
				"down": {"uv": [16, 0, 0, 16], "texture": "#3"}
			}
		},
		{
			"from": [9, 5, 9],
			"to": [10, 6, 10],
			"shade": false,
			"rotation": {"angle": 0, "axis": "y", "origin": [9, 5, 9]},
			"faces": {
				"north": {"uv": [16, 0, 0, 16], "texture": "#3"},
				"east": {"uv": [16, 0, 0, 16], "texture": "#3"},
				"south": {"uv": [16, 0, 0, 16], "texture": "#3"},
				"west": {"uv": [16, 0, 0, 16], "texture": "#3"},
				"up": {"uv": [16, 0, 0, 16], "texture": "#3"},
				"down": {"uv": [16, 0, 0, 16], "texture": "#3"}
			}
		},
		{
			"from": [8, 5, 10],
			"to": [9, 6, 11],
			"shade": false,
			"rotation": {"angle": 0, "axis": "y", "origin": [8, 5, 10]},
			"faces": {
				"north": {"uv": [16, 0, 0, 16], "texture": "#3"},
				"east": {"uv": [16, 0, 0, 16], "texture": "#3"},
				"south": {"uv": [16, 0, 0, 16], "texture": "#3"},
				"west": {"uv": [16, 0, 0, 16], "texture": "#3"},
				"up": {"uv": [16, 0, 0, 16], "texture": "#3"},
				"down": {"uv": [16, 0, 0, 16], "texture": "#3"}
			}
		},
		{
			"from": [7, 5, 10],
			"to": [8, 6, 11],
			"shade": false,
			"rotation": {"angle": 0, "axis": "y", "origin": [7, 5, 10]},
			"faces": {
				"north": {"uv": [16, 0, 0, 16], "texture": "#3"},
				"east": {"uv": [16, 0, 0, 16], "texture": "#3"},
				"south": {"uv": [16, 0, 0, 16], "texture": "#3"},
				"west": {"uv": [16, 0, 0, 16], "texture": "#3"},
				"up": {"uv": [16, 0, 0, 16], "texture": "#3"},
				"down": {"uv": [16, 0, 0, 16], "texture": "#3"}
			}
		},
		{
			"from": [6, 5, 9],
			"to": [7, 6, 10],
			"shade": false,
			"rotation": {"angle": 0, "axis": "y", "origin": [6, 5, 9]},
			"faces": {
				"north": {"uv": [16, 0, 0, 16], "texture": "#3"},
				"east": {"uv": [16, 0, 0, 16], "texture": "#3"},
				"south": {"uv": [16, 0, 0, 16], "texture": "#3"},
				"west": {"uv": [16, 0, 0, 16], "texture": "#3"},
				"up": {"uv": [16, 0, 0, 16], "texture": "#3"},
				"down": {"uv": [16, 0, 0, 16], "texture": "#3"}
			}
		},
		{
			"from": [5, 5, 8],
			"to": [6, 6, 9],
			"shade": false,
			"rotation": {"angle": 0, "axis": "y", "origin": [5, 5, 8]},
			"faces": {
				"north": {"uv": [16, 0, 0, 16], "texture": "#3"},
				"east": {"uv": [16, 0, 0, 16], "texture": "#3"},
				"south": {"uv": [16, 0, 0, 16], "texture": "#3"},
				"west": {"uv": [16, 0, 0, 16], "texture": "#3"},
				"up": {"uv": [16, 0, 0, 16], "texture": "#3"},
				"down": {"uv": [16, 0, 0, 16], "texture": "#3"}
			}
		},
		{
			"from": [5, 5, 7],
			"to": [6, 6, 8],
			"shade": false,
			"rotation": {"angle": 0, "axis": "y", "origin": [5, 5, 7]},
			"faces": {
				"north": {"uv": [16, 0, 0, 16], "texture": "#3"},
				"east": {"uv": [16, 0, 0, 16], "texture": "#3"},
				"south": {"uv": [16, 0, 0, 16], "texture": "#3"},
				"west": {"uv": [16, 0, 0, 16], "texture": "#3"},
				"up": {"uv": [16, 0, 0, 16], "texture": "#3"},
				"down": {"uv": [16, 0, 0, 16], "texture": "#3"}
			}
		},
		{
			"from": [6, 5, 6],
			"to": [7, 6, 7],
			"shade": false,
			"rotation": {"angle": 0, "axis": "y", "origin": [6, 5, 6]},
			"faces": {
				"north": {"uv": [16, 0, 0, 16], "texture": "#3"},
				"east": {"uv": [16, 0, 0, 16], "texture": "#3"},
				"south": {"uv": [16, 0, 0, 16], "texture": "#3"},
				"west": {"uv": [16, 0, 0, 16], "texture": "#3"},
				"up": {"uv": [16, 0, 0, 16], "texture": "#3"},
				"down": {"uv": [16, 0, 0, 16], "texture": "#3"}
			}
		},
		{
			"from": [9, 0, 8],
			"to": [10, 1, 9],
			"shade": false,
			"rotation": {"angle": 0, "axis": "y", "origin": [9, 0, 8]},
			"faces": {
				"north": {"uv": [6, 8, 5, 9], "texture": "#missing"},
				"east": {"uv": [16, 0, 0, 16], "texture": "#3"},
				"south": {"uv": [16, 0, 0, 16], "texture": "#3"},
				"west": {"uv": [5, 8, 4, 9], "texture": "#missing"},
				"up": {"uv": [5, 8, 6, 7], "texture": "#missing"},
				"down": {"uv": [0, 0, 16, 16], "texture": "#3"}
			}
		},
		{
			"from": [9, 0, 7],
			"to": [10, 1, 8],
			"shade": false,
			"rotation": {"angle": 0, "axis": "y", "origin": [9, 0, 7]},
			"faces": {
				"north": {"uv": [16, 0, 0, 16], "texture": "#3"},
				"east": {"uv": [16, 0, 0, 16], "texture": "#3"},
				"south": {"uv": [8, 8, 7, 9], "texture": "#missing"},
				"west": {"uv": [5, 8, 4, 9], "texture": "#2"},
				"up": {"uv": [5, 8, 6, 7], "texture": "#missing"},
				"down": {"uv": [0, 0, 16, 16], "texture": "#3"}
			}
		},
		{
			"from": [7, 0, 9],
			"to": [8, 1, 10],
			"shade": false,
			"rotation": {"angle": 0, "axis": "y", "origin": [7, 0, 9]},
			"faces": {
				"north": {"uv": [0, 0, 16, 16], "texture": "#3"},
				"east": {"uv": [0, 0, 16, 16], "texture": "#3"},
				"south": {"uv": [0, 0, 16, 16], "texture": "#3"},
				"west": {"uv": [0, 0, 16, 16], "texture": "#3"},
				"up": {"uv": [0, 0, 16, 16], "texture": "#3"},
				"down": {"uv": [0, 0, 16, 16], "texture": "#3"}
			}
		},
		{
			"from": [8, 0, 9],
			"to": [9, 1, 10],
			"shade": false,
			"rotation": {"angle": 0, "axis": "y", "origin": [8, 0, 9]},
			"faces": {
				"north": {"uv": [0, 0, 16, 16], "texture": "#3"},
				"east": {"uv": [0, 0, 16, 16], "texture": "#3"},
				"south": {"uv": [0, 0, 16, 16], "texture": "#3"},
				"west": {"uv": [0, 0, 16, 16], "texture": "#3"},
				"up": {"uv": [0, 0, 16, 16], "texture": "#3"},
				"down": {"uv": [0, 0, 16, 16], "texture": "#3"}
			}
		},
		{
			"from": [8, 1, 6],
			"to": [9, 2, 7],
			"color": 6,
			"faces": {
				"north": {"uv": [1, 1, 2, 2], "texture": "#missing"},
				"east": {"uv": [0, 1, 1, 2], "texture": "#missing"},
				"south": {"uv": [3, 1, 4, 2], "texture": "#missing"},
				"west": {"uv": [2, 1, 3, 2], "texture": "#missing"},
				"up": {"uv": [2, 1, 1, 0], "texture": "#missing"},
				"down": {"uv": [3, 0, 2, 1], "texture": "#missing"}
			}
		},
		{
			"from": [8, 1, 7],
			"to": [9, 2, 8],
			"color": 3,
			"faces": {
				"north": {"uv": [1, 1, 2, 2], "texture": "#missing"},
				"east": {"uv": [0, 1, 1, 2], "texture": "#missing"},
				"south": {"uv": [3, 1, 4, 2], "texture": "#missing"},
				"west": {"uv": [2, 1, 3, 2], "texture": "#missing"},
				"up": {"uv": [2, 1, 1, 0], "texture": "#missing"},
				"down": {"uv": [3, 0, 2, 1], "texture": "#missing"}
			}
		},
		{
			"from": [7, 1, 7],
			"to": [8, 2, 8],
			"color": 2,
			"faces": {
				"north": {"uv": [1, 1, 2, 2], "texture": "#missing"},
				"east": {"uv": [0, 1, 1, 2], "texture": "#missing"},
				"south": {"uv": [3, 1, 4, 2], "texture": "#missing"},
				"west": {"uv": [2, 1, 3, 2], "texture": "#missing"},
				"up": {"uv": [2, 1, 1, 0], "texture": "#missing"},
				"down": {"uv": [3, 0, 2, 1], "texture": "#missing"}
			}
		},
		{
			"from": [8, 1, 9],
			"to": [9, 2, 10],
			"color": 6,
			"faces": {
				"north": {"uv": [1, 1, 2, 2], "texture": "#missing"},
				"east": {"uv": [0, 1, 1, 2], "texture": "#missing"},
				"south": {"uv": [3, 1, 4, 2], "texture": "#missing"},
				"west": {"uv": [2, 1, 3, 2], "texture": "#missing"},
				"up": {"uv": [2, 1, 1, 0], "texture": "#missing"},
				"down": {"uv": [3, 0, 2, 1], "texture": "#missing"}
			}
		},
		{
			"from": [7, 1, 9],
			"to": [8, 2, 10],
			"color": 6,
			"faces": {
				"north": {"uv": [1, 1, 2, 2], "texture": "#missing"},
				"east": {"uv": [0, 1, 1, 2], "texture": "#missing"},
				"south": {"uv": [3, 1, 4, 2], "texture": "#missing"},
				"west": {"uv": [2, 1, 3, 2], "texture": "#missing"},
				"up": {"uv": [2, 1, 1, 0], "texture": "#missing"},
				"down": {"uv": [3, 0, 2, 1], "texture": "#missing"}
			}
		},
		{
			"from": [7, 2, 9],
			"to": [8, 3, 10],
			"color": 5,
			"faces": {
				"north": {"uv": [1, 1, 2, 2], "texture": "#missing"},
				"east": {"uv": [0, 1, 1, 2], "texture": "#missing"},
				"south": {"uv": [3, 1, 4, 2], "texture": "#missing"},
				"west": {"uv": [2, 1, 3, 2], "texture": "#missing"},
				"up": {"uv": [2, 1, 1, 0], "texture": "#missing"},
				"down": {"uv": [3, 0, 2, 1], "texture": "#missing"}
			}
		},
		{
			"from": [7, 3, 9],
			"to": [8, 4, 10],
			"color": 0,
			"faces": {
				"north": {"uv": [1, 1, 2, 2], "texture": "#missing"},
				"east": {"uv": [0, 1, 1, 2], "texture": "#missing"},
				"south": {"uv": [3, 1, 4, 2], "texture": "#missing"},
				"west": {"uv": [2, 1, 3, 2], "texture": "#missing"},
				"up": {"uv": [2, 1, 1, 0], "texture": "#missing"},
				"down": {"uv": [3, 0, 2, 1], "texture": "#missing"}
			}
		},
		{
			"from": [7, 4, 9],
			"to": [8, 5, 10],
			"faces": {
				"north": {"uv": [1, 1, 2, 2], "texture": "#missing"},
				"east": {"uv": [0, 1, 1, 2], "texture": "#missing"},
				"south": {"uv": [3, 1, 4, 2], "texture": "#missing"},
				"west": {"uv": [2, 1, 3, 2], "texture": "#missing"},
				"up": {"uv": [16, 16, 0, 0], "texture": "#1"},
				"down": {"uv": [3, 0, 2, 1], "texture": "#missing"}
			}
		},
		{
			"from": [8, 1, 8],
			"to": [9, 2, 9],
			"color": 3,
			"faces": {
				"north": {"uv": [1, 1, 2, 2], "texture": "#missing"},
				"east": {"uv": [0, 1, 1, 2], "texture": "#missing"},
				"south": {"uv": [3, 1, 4, 2], "texture": "#missing"},
				"west": {"uv": [2, 1, 3, 2], "texture": "#missing"},
				"up": {"uv": [2, 1, 1, 0], "texture": "#missing"},
				"down": {"uv": [3, 0, 2, 1], "texture": "#missing"}
			}
		},
		{
			"from": [9, 1, 7],
			"to": [10, 2, 8],
			"color": 5,
			"faces": {
				"north": {"uv": [1, 1, 2, 2], "texture": "#missing"},
				"east": {"uv": [0, 1, 1, 2], "texture": "#missing"},
				"south": {"uv": [3, 1, 4, 2], "texture": "#missing"},
				"west": {"uv": [2, 1, 3, 2], "texture": "#missing"},
				"up": {"uv": [2, 1, 1, 0], "texture": "#missing"},
				"down": {"uv": [3, 0, 2, 1], "texture": "#missing"}
			}
		},
		{
			"from": [9, 1, 8],
			"to": [10, 2, 9],
			"color": 5,
			"faces": {
				"north": {"uv": [1, 1, 2, 2], "texture": "#missing"},
				"east": {"uv": [0, 1, 1, 2], "texture": "#missing"},
				"south": {"uv": [3, 1, 4, 2], "texture": "#missing"},
				"west": {"uv": [2, 1, 3, 2], "texture": "#missing"},
				"up": {"uv": [2, 1, 1, 0], "texture": "#missing"},
				"down": {"uv": [3, 0, 2, 1], "texture": "#missing"}
			}
		},
		{
			"from": [6, 1, 7],
			"to": [7, 2, 8],
			"color": 6,
			"faces": {
				"north": {"uv": [1, 1, 2, 2], "texture": "#missing"},
				"east": {"uv": [0, 1, 1, 2], "texture": "#missing"},
				"south": {"uv": [3, 1, 4, 2], "texture": "#missing"},
				"west": {"uv": [2, 1, 3, 2], "texture": "#missing"},
				"up": {"uv": [2, 1, 1, 0], "texture": "#missing"},
				"down": {"uv": [3, 0, 2, 1], "texture": "#missing"}
			}
		},
		{
			"from": [6, 1, 8],
			"to": [7, 2, 9],
			"color": 2,
			"faces": {
				"north": {"uv": [1, 1, 2, 2], "texture": "#missing"},
				"east": {"uv": [0, 1, 1, 2], "texture": "#missing"},
				"south": {"uv": [3, 1, 4, 2], "texture": "#missing"},
				"west": {"uv": [2, 1, 3, 2], "texture": "#missing"},
				"up": {"uv": [2, 1, 1, 0], "texture": "#missing"},
				"down": {"uv": [3, 0, 2, 1], "texture": "#missing"}
			}
		},
		{
			"from": [7, 1, 8],
			"to": [8, 2, 9],
			"color": 2,
			"faces": {
				"north": {"uv": [1, 1, 2, 2], "texture": "#missing"},
				"east": {"uv": [0, 1, 1, 2], "texture": "#missing"},
				"south": {"uv": [3, 1, 4, 2], "texture": "#missing"},
				"west": {"uv": [2, 1, 3, 2], "texture": "#missing"},
				"up": {"uv": [2, 1, 1, 0], "texture": "#missing"},
				"down": {"uv": [3, 0, 2, 1], "texture": "#missing"}
			}
		},
		{
			"from": [7, 1, 6],
			"to": [8, 2, 7],
			"color": 7,
			"faces": {
				"north": {"uv": [1, 1, 2, 2], "texture": "#missing"},
				"east": {"uv": [0, 1, 1, 2], "texture": "#missing"},
				"south": {"uv": [3, 1, 4, 2], "texture": "#missing"},
				"west": {"uv": [2, 1, 3, 2], "texture": "#missing"},
				"up": {"uv": [2, 1, 1, 0], "texture": "#missing"},
				"down": {"uv": [3, 0, 2, 1], "texture": "#missing"}
			}
		},
		{
			"from": [8, 2, 6],
			"to": [9, 3, 7],
			"color": 1,
			"faces": {
				"north": {"uv": [1, 1, 2, 2], "texture": "#missing"},
				"east": {"uv": [0, 1, 1, 2], "texture": "#missing"},
				"south": {"uv": [3, 1, 4, 2], "texture": "#missing"},
				"west": {"uv": [2, 1, 3, 2], "texture": "#missing"},
				"up": {"uv": [2, 1, 1, 0], "texture": "#missing"},
				"down": {"uv": [3, 0, 2, 1], "texture": "#missing"}
			}
		},
		{
			"from": [7, 2, 6],
			"to": [8, 3, 7],
			"color": 2,
			"faces": {
				"north": {"uv": [1, 1, 2, 2], "texture": "#missing"},
				"east": {"uv": [0, 1, 1, 2], "texture": "#missing"},
				"south": {"uv": [3, 1, 4, 2], "texture": "#missing"},
				"west": {"uv": [2, 1, 3, 2], "texture": "#missing"},
				"up": {"uv": [2, 1, 1, 0], "texture": "#missing"},
				"down": {"uv": [3, 0, 2, 1], "texture": "#missing"}
			}
		},
		{
			"from": [8, 2, 7],
			"to": [9, 3, 8],
			"color": 2,
			"faces": {
				"north": {"uv": [1, 1, 2, 2], "texture": "#missing"},
				"east": {"uv": [0, 1, 1, 2], "texture": "#missing"},
				"south": {"uv": [3, 1, 4, 2], "texture": "#missing"},
				"west": {"uv": [2, 1, 3, 2], "texture": "#missing"},
				"up": {"uv": [2, 1, 1, 0], "texture": "#missing"},
				"down": {"uv": [3, 0, 2, 1], "texture": "#missing"}
			}
		},
		{
			"from": [7, 2, 7],
			"to": [8, 3, 8],
			"color": 6,
			"faces": {
				"north": {"uv": [1, 1, 2, 2], "texture": "#missing"},
				"east": {"uv": [0, 1, 1, 2], "texture": "#missing"},
				"south": {"uv": [3, 1, 4, 2], "texture": "#missing"},
				"west": {"uv": [2, 1, 3, 2], "texture": "#missing"},
				"up": {"uv": [2, 1, 1, 0], "texture": "#missing"},
				"down": {"uv": [3, 0, 2, 1], "texture": "#missing"}
			}
		},
		{
			"from": [8, 2, 8],
			"to": [9, 3, 9],
			"color": 3,
			"faces": {
				"north": {"uv": [1, 1, 2, 2], "texture": "#missing"},
				"east": {"uv": [0, 1, 1, 2], "texture": "#missing"},
				"south": {"uv": [3, 1, 4, 2], "texture": "#missing"},
				"west": {"uv": [2, 1, 3, 2], "texture": "#missing"},
				"up": {"uv": [2, 1, 1, 0], "texture": "#missing"},
				"down": {"uv": [3, 0, 2, 1], "texture": "#missing"}
			}
		},
		{
			"from": [7, 2, 8],
			"to": [8, 3, 9],
			"color": 5,
			"faces": {
				"north": {"uv": [1, 1, 2, 2], "texture": "#missing"},
				"east": {"uv": [0, 1, 1, 2], "texture": "#missing"},
				"south": {"uv": [3, 1, 4, 2], "texture": "#missing"},
				"west": {"uv": [2, 1, 3, 2], "texture": "#missing"},
				"up": {"uv": [2, 1, 1, 0], "texture": "#missing"},
				"down": {"uv": [3, 0, 2, 1], "texture": "#missing"}
			}
		},
		{
			"from": [8, 2, 9],
			"to": [9, 3, 10],
			"color": 1,
			"faces": {
				"north": {"uv": [1, 1, 2, 2], "texture": "#missing"},
				"east": {"uv": [0, 1, 1, 2], "texture": "#missing"},
				"south": {"uv": [3, 1, 4, 2], "texture": "#missing"},
				"west": {"uv": [2, 1, 3, 2], "texture": "#missing"},
				"up": {"uv": [2, 1, 1, 0], "texture": "#missing"},
				"down": {"uv": [3, 0, 2, 1], "texture": "#missing"}
			}
		},
		{
			"from": [9, 2, 7],
			"to": [10, 3, 8],
			"color": 5,
			"faces": {
				"north": {"uv": [1, 1, 2, 2], "texture": "#missing"},
				"east": {"uv": [0, 1, 1, 2], "texture": "#missing"},
				"south": {"uv": [3, 1, 4, 2], "texture": "#missing"},
				"west": {"uv": [2, 1, 3, 2], "texture": "#missing"},
				"up": {"uv": [2, 1, 1, 0], "texture": "#missing"},
				"down": {"uv": [3, 0, 2, 1], "texture": "#missing"}
			}
		},
		{
			"from": [9, 2, 8],
			"to": [10, 3, 9],
			"color": 4,
			"faces": {
				"north": {"uv": [1, 1, 2, 2], "texture": "#missing"},
				"east": {"uv": [0, 1, 1, 2], "texture": "#missing"},
				"south": {"uv": [3, 1, 4, 2], "texture": "#missing"},
				"west": {"uv": [2, 1, 3, 2], "texture": "#missing"},
				"up": {"uv": [2, 1, 1, 0], "texture": "#missing"},
				"down": {"uv": [3, 0, 2, 1], "texture": "#missing"}
			}
		},
		{
			"from": [6, 2, 8],
			"to": [7, 3, 9],
			"color": 5,
			"faces": {
				"north": {"uv": [1, 1, 2, 2], "texture": "#missing"},
				"east": {"uv": [0, 1, 1, 2], "texture": "#missing"},
				"south": {"uv": [3, 1, 4, 2], "texture": "#missing"},
				"west": {"uv": [2, 1, 3, 2], "texture": "#missing"},
				"up": {"uv": [2, 1, 1, 0], "texture": "#missing"},
				"down": {"uv": [3, 0, 2, 1], "texture": "#missing"}
			}
		},
		{
			"from": [6, 2, 7],
			"to": [7, 3, 8],
			"color": 0,
			"faces": {
				"north": {"uv": [1, 1, 2, 2], "texture": "#missing"},
				"east": {"uv": [0, 1, 1, 2], "texture": "#missing"},
				"south": {"uv": [3, 1, 4, 2], "texture": "#missing"},
				"west": {"uv": [2, 1, 3, 2], "texture": "#missing"},
				"up": {"uv": [2, 1, 1, 0], "texture": "#missing"},
				"down": {"uv": [3, 0, 2, 1], "texture": "#missing"}
			}
		},
		{
			"from": [8, 3, 6],
			"to": [9, 4, 7],
			"color": 0,
			"faces": {
				"north": {"uv": [1, 1, 2, 2], "texture": "#missing"},
				"east": {"uv": [0, 1, 1, 2], "texture": "#missing"},
				"south": {"uv": [3, 1, 4, 2], "texture": "#missing"},
				"west": {"uv": [2, 1, 3, 2], "texture": "#missing"},
				"up": {"uv": [2, 1, 1, 0], "texture": "#missing"},
				"down": {"uv": [3, 0, 2, 1], "texture": "#missing"}
			}
		},
		{
			"from": [7, 3, 6],
			"to": [8, 4, 7],
			"color": 0,
			"faces": {
				"north": {"uv": [1, 1, 2, 2], "texture": "#missing"},
				"east": {"uv": [0, 1, 1, 2], "texture": "#missing"},
				"south": {"uv": [3, 1, 4, 2], "texture": "#missing"},
				"west": {"uv": [2, 1, 3, 2], "texture": "#missing"},
				"up": {"uv": [2, 1, 1, 0], "texture": "#missing"},
				"down": {"uv": [3, 0, 2, 1], "texture": "#missing"}
			}
		},
		{
			"from": [8, 3, 7],
			"to": [9, 4, 8],
			"color": 6,
			"faces": {
				"north": {"uv": [1, 1, 2, 2], "texture": "#missing"},
				"east": {"uv": [0, 1, 1, 2], "texture": "#missing"},
				"south": {"uv": [3, 1, 4, 2], "texture": "#missing"},
				"west": {"uv": [2, 1, 3, 2], "texture": "#missing"},
				"up": {"uv": [2, 1, 1, 0], "texture": "#missing"},
				"down": {"uv": [3, 0, 2, 1], "texture": "#missing"}
			}
		},
		{
			"from": [7, 3, 7],
			"to": [8, 4, 8],
			"color": 4,
			"faces": {
				"north": {"uv": [1, 1, 2, 2], "texture": "#missing"},
				"east": {"uv": [0, 1, 1, 2], "texture": "#missing"},
				"south": {"uv": [3, 1, 4, 2], "texture": "#missing"},
				"west": {"uv": [2, 1, 3, 2], "texture": "#missing"},
				"up": {"uv": [2, 1, 1, 0], "texture": "#missing"},
				"down": {"uv": [3, 0, 2, 1], "texture": "#missing"}
			}
		},
		{
			"from": [8, 3, 8],
			"to": [9, 4, 9],
			"color": 2,
			"faces": {
				"north": {"uv": [1, 1, 2, 2], "texture": "#missing"},
				"east": {"uv": [0, 1, 1, 2], "texture": "#missing"},
				"south": {"uv": [3, 1, 4, 2], "texture": "#missing"},
				"west": {"uv": [2, 1, 3, 2], "texture": "#missing"},
				"up": {"uv": [2, 1, 1, 0], "texture": "#missing"},
				"down": {"uv": [3, 0, 2, 1], "texture": "#missing"}
			}
		},
		{
			"from": [7, 3, 8],
			"to": [8, 4, 9],
			"color": 2,
			"faces": {
				"north": {"uv": [1, 1, 2, 2], "texture": "#missing"},
				"east": {"uv": [0, 1, 1, 2], "texture": "#missing"},
				"south": {"uv": [3, 1, 4, 2], "texture": "#missing"},
				"west": {"uv": [2, 1, 3, 2], "texture": "#missing"},
				"up": {"uv": [2, 1, 1, 0], "texture": "#missing"},
				"down": {"uv": [3, 0, 2, 1], "texture": "#missing"}
			}
		},
		{
			"from": [8, 3, 9],
			"to": [9, 4, 10],
			"color": 2,
			"faces": {
				"north": {"uv": [1, 1, 2, 2], "texture": "#missing"},
				"east": {"uv": [0, 1, 1, 2], "texture": "#missing"},
				"south": {"uv": [3, 1, 4, 2], "texture": "#missing"},
				"west": {"uv": [2, 1, 3, 2], "texture": "#missing"},
				"up": {"uv": [2, 1, 1, 0], "texture": "#missing"},
				"down": {"uv": [3, 0, 2, 1], "texture": "#missing"}
			}
		},
		{
			"from": [9, 3, 7],
			"to": [10, 4, 8],
			"color": 2,
			"faces": {
				"north": {"uv": [1, 1, 2, 2], "texture": "#missing"},
				"east": {"uv": [0, 1, 1, 2], "texture": "#missing"},
				"south": {"uv": [3, 1, 4, 2], "texture": "#missing"},
				"west": {"uv": [2, 1, 3, 2], "texture": "#missing"},
				"up": {"uv": [2, 1, 1, 0], "texture": "#missing"},
				"down": {"uv": [3, 0, 2, 1], "texture": "#missing"}
			}
		},
		{
			"from": [9, 3, 8],
			"to": [10, 4, 9],
			"color": 2,
			"faces": {
				"north": {"uv": [1, 1, 2, 2], "texture": "#missing"},
				"east": {"uv": [0, 1, 1, 2], "texture": "#missing"},
				"south": {"uv": [3, 1, 4, 2], "texture": "#missing"},
				"west": {"uv": [2, 1, 3, 2], "texture": "#missing"},
				"up": {"uv": [2, 1, 1, 0], "texture": "#missing"},
				"down": {"uv": [3, 0, 2, 1], "texture": "#missing"}
			}
		},
		{
			"from": [6, 3, 8],
			"to": [7, 4, 9],
			"color": 3,
			"faces": {
				"north": {"uv": [1, 1, 2, 2], "texture": "#missing"},
				"east": {"uv": [0, 1, 1, 2], "texture": "#missing"},
				"south": {"uv": [3, 1, 4, 2], "texture": "#missing"},
				"west": {"uv": [2, 1, 3, 2], "texture": "#missing"},
				"up": {"uv": [2, 1, 1, 0], "texture": "#missing"},
				"down": {"uv": [3, 0, 2, 1], "texture": "#missing"}
			}
		},
		{
			"from": [6, 3, 7],
			"to": [7, 4, 8],
			"color": 0,
			"faces": {
				"north": {"uv": [1, 1, 2, 2], "texture": "#missing"},
				"east": {"uv": [0, 1, 1, 2], "texture": "#missing"},
				"south": {"uv": [3, 1, 4, 2], "texture": "#missing"},
				"west": {"uv": [2, 1, 3, 2], "texture": "#missing"},
				"up": {"uv": [2, 1, 1, 0], "texture": "#missing"},
				"down": {"uv": [3, 0, 2, 1], "texture": "#missing"}
			}
		},
		{
			"from": [8, 4, 6],
			"to": [9, 5, 7],
			"faces": {
				"north": {"uv": [1, 1, 2, 2], "texture": "#missing"},
				"east": {"uv": [0, 1, 1, 2], "texture": "#missing"},
				"south": {"uv": [3, 1, 4, 2], "texture": "#missing"},
				"west": {"uv": [2, 1, 3, 2], "texture": "#missing"},
				"up": {"uv": [16, 16, 0, 0], "texture": "#1"},
				"down": {"uv": [3, 0, 2, 1], "texture": "#missing"}
			}
		},
		{
			"from": [7, 4, 6],
			"to": [8, 5, 7],
			"faces": {
				"north": {"uv": [1, 1, 2, 2], "texture": "#missing"},
				"east": {"uv": [0, 1, 1, 2], "texture": "#missing"},
				"south": {"uv": [3, 1, 4, 2], "texture": "#missing"},
				"west": {"uv": [2, 1, 3, 2], "texture": "#missing"},
				"up": {"uv": [16, 16, 0, 0], "texture": "#1"},
				"down": {"uv": [3, 0, 2, 1], "texture": "#missing"}
			}
		},
		{
			"from": [8, 4, 7],
			"to": [9, 5, 8],
			"faces": {
				"north": {"uv": [1, 1, 2, 2], "texture": "#missing"},
				"east": {"uv": [0, 1, 1, 2], "texture": "#missing"},
				"south": {"uv": [3, 1, 4, 2], "texture": "#missing"},
				"west": {"uv": [2, 1, 3, 2], "texture": "#missing"},
				"up": {"uv": [16, 16, 0, 0], "texture": "#1"},
				"down": {"uv": [3, 0, 2, 1], "texture": "#missing"}
			}
		},
		{
			"from": [7, 4, 7],
			"to": [8, 5, 8],
			"faces": {
				"north": {"uv": [1, 1, 2, 2], "texture": "#missing"},
				"east": {"uv": [0, 1, 1, 2], "texture": "#missing"},
				"south": {"uv": [3, 1, 4, 2], "texture": "#missing"},
				"west": {"uv": [2, 1, 3, 2], "texture": "#missing"},
				"up": {"uv": [16, 16, 0, 0], "texture": "#1"},
				"down": {"uv": [3, 0, 2, 1], "texture": "#missing"}
			}
		},
		{
			"from": [8, 4, 8],
			"to": [9, 5, 9],
			"faces": {
				"north": {"uv": [1, 1, 2, 2], "texture": "#missing"},
				"east": {"uv": [0, 1, 1, 2], "texture": "#missing"},
				"south": {"uv": [3, 1, 4, 2], "texture": "#missing"},
				"west": {"uv": [2, 1, 3, 2], "texture": "#missing"},
				"up": {"uv": [16, 16, 0, 0], "texture": "#1"},
				"down": {"uv": [3, 0, 2, 1], "texture": "#missing"}
			}
		},
		{
			"from": [7, 4, 8],
			"to": [8, 5, 9],
			"faces": {
				"north": {"uv": [1, 1, 2, 2], "texture": "#missing"},
				"east": {"uv": [0, 1, 1, 2], "texture": "#missing"},
				"south": {"uv": [3, 1, 4, 2], "texture": "#missing"},
				"west": {"uv": [2, 1, 3, 2], "texture": "#missing"},
				"up": {"uv": [16, 16, 0, 0], "texture": "#1"},
				"down": {"uv": [3, 0, 2, 1], "texture": "#missing"}
			}
		},
		{
			"from": [8, 4, 9],
			"to": [9, 5, 10],
			"faces": {
				"north": {"uv": [1, 1, 2, 2], "texture": "#missing"},
				"east": {"uv": [0, 1, 1, 2], "texture": "#missing"},
				"south": {"uv": [3, 1, 4, 2], "texture": "#missing"},
				"west": {"uv": [2, 1, 3, 2], "texture": "#missing"},
				"up": {"uv": [16, 16, 0, 0], "texture": "#1"},
				"down": {"uv": [3, 0, 2, 1], "texture": "#missing"}
			}
		},
		{
			"from": [9, 4, 7],
			"to": [10, 5, 8],
			"faces": {
				"north": {"uv": [1, 1, 2, 2], "texture": "#missing"},
				"east": {"uv": [0, 1, 1, 2], "texture": "#missing"},
				"south": {"uv": [3, 1, 4, 2], "texture": "#missing"},
				"west": {"uv": [2, 1, 3, 2], "texture": "#missing"},
				"up": {"uv": [16, 16, 0, 0], "texture": "#1"},
				"down": {"uv": [3, 0, 2, 1], "texture": "#missing"}
			}
		},
		{
			"from": [9, 4, 8],
			"to": [10, 5, 9],
			"faces": {
				"north": {"uv": [1, 1, 2, 2], "texture": "#missing"},
				"east": {"uv": [0, 1, 1, 2], "texture": "#missing"},
				"south": {"uv": [3, 1, 4, 2], "texture": "#missing"},
				"west": {"uv": [2, 1, 3, 2], "texture": "#missing"},
				"up": {"uv": [16, 16, 0, 0], "texture": "#1"},
				"down": {"uv": [3, 0, 2, 1], "texture": "#missing"}
			}
		},
		{
			"from": [6, 4, 8],
			"to": [7, 5, 9],
			"faces": {
				"north": {"uv": [1, 1, 2, 2], "texture": "#missing"},
				"east": {"uv": [0, 1, 1, 2], "texture": "#missing"},
				"south": {"uv": [3, 1, 4, 2], "texture": "#missing"},
				"west": {"uv": [2, 1, 3, 2], "texture": "#missing"},
				"up": {"uv": [16, 16, 0, 0], "texture": "#1"},
				"down": {"uv": [3, 0, 2, 1], "texture": "#missing"}
			}
		},
		{
			"from": [6, 4, 7],
			"to": [7, 5, 8],
			"faces": {
				"north": {"uv": [1, 1, 2, 2], "texture": "#missing"},
				"east": {"uv": [0, 1, 1, 2], "texture": "#missing"},
				"south": {"uv": [3, 1, 4, 2], "texture": "#missing"},
				"west": {"uv": [2, 1, 3, 2], "texture": "#missing"},
				"up": {"uv": [16, 16, 0, 0], "texture": "#1"},
				"down": {"uv": [3, 0, 2, 1], "texture": "#missing"}
			}
		},
		{
			"from": [5, 1, 7],
			"to": [6, 2, 8],
			"faces": {
				"north": {"uv": [0, 0, 16, 16], "texture": "#3"},
				"east": {"uv": [0, 0, 1, 1], "texture": "#missing"},
				"south": {"uv": [0, 0, 1, 1], "texture": "#missing"},
				"west": {"uv": [0, 0, 16, 16], "texture": "#3"},
				"up": {"uv": [0, 0, 1, 1], "texture": "#missing"},
				"down": {"uv": [0, 0, 16, 16], "texture": "#3"}
			}
		}
	],
	"display": {
		"thirdperson_righthand": {
			"translation": [0, 4.25, -3]
		},
		"thirdperson_lefthand": {
			"translation": [0, 4.25, -3.25]
		},
		"firstperson_righthand": {
			"translation": [1.75, 5.75, 0.5]
		},
		"firstperson_lefthand": {
			"translation": [1.25, 5.25, 0.75]
		},
		"ground": {
			"translation": [0, 5, 0]
		},
		"gui": {
			"rotation": [31, 53, 0],
			"translation": [-1.25, 8, 0],
			"scale": [2.07, 2.02, 2.02]
		},
		"head": {
			"rotation": [14, -124, 0],
			"translation": [0, -2, -7]
		},
		"fixed": {
			"rotation": [-90, -120, 0],
			"translation": [0, 0, -14.75],
			"scale": [2, 2, 2]
		}
	},
	"groups": [
		{
			"name": "group",
			"origin": [0, 0, 0],
			"color": 0,
			"nbt": "{}",
			"children": [
				0,
				1,
				2,
				3,
				4,
				5,
				6,
				7,
				8,
				9,
				10,
				11,
				12,
				13,
				14,
				15,
				16,
				17,
				18,
				19,
				20,
				21,
				22,
				23,
				24,
				25,
				26,
				27,
				28,
				29,
				30,
				31,
				32,
				33,
				34,
				35,
				36,
				37,
				38,
				39,
				40,
				41,
				42,
				43,
				44,
				45,
				46,
				47,
				48,
				49,
				50,
				51,
				52,
				53,
				54,
				55,
				56,
				57,
				58,
				59,
				60,
				61,
				62,
				63,
				64,
				65,
				66,
				67,
				68,
				69,
				70,
				71,
				72,
				73,
				74,
				75,
				76,
				77,
				78,
				79,
				80,
				81,
				82,
				83,
				84,
				85,
				86,
				87,
				88,
				89,
				90,
				91,
				92,
				93,
				94,
				95,
				96,
				97,
				98,
				99,
				100,
				101,
				102,
				103,
				104,
				105,
				106,
				107,
				108,
				109,
				110,
				111,
				112,
				113,
				114,
				115,
				116,
				117,
				118,
				119,
				120,
				121,
				122,
				123
			]
		},
		124
	]
}