{
	"credit": "Made with Blockbench",
	"textures": {
		"0": "block/netherite_block",
		"1": "block/anvil",
		"2": "block/bamboo_fence_particle",
		"particle": "block/netherite_block"
	},
	"elements": [
		{
			"from": [5, 0, 5],
			"to": [11, 1, 11],
			"faces": {
				"north": {"uv": [0, 0, 16, 16], "texture": "#1"},
				"east": {"uv": [0, 0, 16, 16], "texture": "#1"},
				"south": {"uv": [0, 0, 16, 16], "texture": "#1"},
				"west": {"uv": [0, 0, 16, 16], "texture": "#1"},
				"up": {"uv": [0, 0, 16, 16], "texture": "#1"},
				"down": {"uv": [0, 0, 16, 16], "texture": "#1"}
			}
		},
		{
			"from": [6, 1, 6],
			"to": [10, 9, 10],
			"faces": {
				"north": {"uv": [0, 0, 16, 16], "texture": "#2"},
				"east": {"uv": [0, 0, 16, 16], "texture": "#2"},
				"south": {"uv": [0, 0, 16, 16], "texture": "#2"},
				"west": {"uv": [0, 0, 16, 16], "texture": "#2"},
				"up": {"uv": [0, 0, 16, 16], "texture": "#2"},
				"down": {"uv": [0, 0, 16, 16], "texture": "#2"}
			}
		},
		{
			"from": [5, 9, 5],
			"to": [11, 10, 11],
			"faces": {
				"north": {"uv": [0, 0, 16, 16], "texture": "#1"},
				"east": {"uv": [0, 0, 16, 16], "texture": "#1"},
				"south": {"uv": [0, 0, 16, 16], "texture": "#1"},
				"west": {"uv": [0, 0, 16, 16], "texture": "#1"},
				"up": {"uv": [0, 0, 16, 16], "texture": "#1"},
				"down": {"uv": [0, 0, 16, 16], "texture": "#1"}
			}
		},
		{
			"from": [6, 10, 9],
			"to": [10, 32, 10],
			"faces": {
				"north": {"uv": [0, 0, 16, 16], "texture": "#0"},
				"east": {"uv": [0, 0, 16, 16], "texture": "#0"},
				"south": {"uv": [0, 0, 16, 16], "texture": "#0"},
				"west": {"uv": [0, 0, 16, 16], "texture": "#0"},
				"up": {"uv": [0, 0, 16, 16], "texture": "#0"},
				"down": {"uv": [0, 0, 16, 16], "texture": "#0"}
			}
		},
		{
			"from": [6, 10, 8],
			"to": [10, 31, 9],
			"faces": {
				"north": {"uv": [0, 0, 16, 16], "texture": "#0"},
				"east": {"uv": [0, 0, 16, 16], "texture": "#0"},
				"south": {"uv": [0, 0, 16, 16], "texture": "#0"},
				"west": {"uv": [0, 0, 16, 16], "texture": "#0"},
				"up": {"uv": [0, 0, 16, 16], "texture": "#0"},
				"down": {"uv": [0, 0, 16, 16], "texture": "#0"}
			}
		},
		{
			"from": [7, 10, 7],
			"to": [9, 30, 8],
			"faces": {
				"north": {"uv": [16, 0, 0, 16], "texture": "#0"},
				"east": {"uv": [16, 0, 0, 16], "texture": "#0"},
				"south": {"uv": [16, 0, 0, 16], "texture": "#0"},
				"west": {"uv": [16, 0, 0, 16], "texture": "#0"},
				"up": {"uv": [16, 0, 0, 16], "texture": "#0"},
				"down": {"uv": [16, 0, 0, 16], "texture": "#0"}
			}
		},
		{
			"from": [7, 10, 6],
			"to": [9, 29, 7],
			"faces": {
				"north": {"uv": [0, 1, 16, 16], "texture": "#0"},
				"east": {"uv": [0, 1, 16, 16], "texture": "#0"},
				"south": {"uv": [0, 1, 16, 16], "texture": "#0"},
				"west": {"uv": [0, 1, 16, 16], "texture": "#0"},
				"up": {"uv": [0, 1, 16, 16], "texture": "#0"},
				"down": {"uv": [0, 1, 16, 16], "texture": "#0"}
			}
		}
	],
	"display": {
		"thirdperson_righthand": {
			"translation": [0, 0, 1],
			"scale": [0.2, 0.7, 0.4]
		},
		"thirdperson_lefthand": {
			"translation": [0, 0, 1.25],
			"scale": [0.2, 0.7, 0.4]
		},
		"firstperson_righthand": {
			"rotation": [-23, 0, 0],
			"translation": [3.5, -0.5, 0],
			"scale": [0.2, 1, 0.4]
		},
		"firstperson_lefthand": {
			"rotation": [-21, 0, 0],
			"translation": [3.5, -0.75, 0],
			"scale": [0.2, 1, 0.4]
		},
		"ground": {
			"rotation": [-90, -64, 5],
			"scale": [0.2, 0.85, 0.4]
		},
		"gui": {
			"rotation": [90, -134, 90],
			"translation": [-2.75, -3.5, 1.5],
			"scale": [0.2, 0.6, 0.3]
		},
		"head": {
			"rotation": [-90, 2, -91],
			"translation": [-8.25, 1.25, 0.5],
			"scale": [0.26, 0.96, 0.43]
		},
		"fixed": {
			"rotation": [-70, -90, 90],
			"translation": [0.25, 14, -2],
			"scale": [0.26, 1.31, 0.53]
		}
	},
	"groups": [
		{
			"name": "Griff",
			"origin": [8, 8, 8],
			"color": 0,
			"children": [0, 1, 2, 3, 4, 5, 6]
		}
	]
}