{
	"credit": "Made with Blockbench",
	"texture_size": [64, 64],
	"textures": {
		"2": "block/netherite_block",
		"3": "block/stripped_spruce_log",
		"4": "block/anvil",
		"5": "block/lodestone_side",
		"6": "block/amethyst_block",
		"particle": "block/netherite_block"
	},
	"elements": [
		{
			"from": [8, 19, 7],
			"to": [9, 20, 8],
			"faces": {
				"north": {"uv": [0, 0, 5, 6], "texture": "#3"},
				"east": {"uv": [0, 0, 5, 6], "texture": "#3"},
				"south": {"uv": [0, 0, 5, 6], "texture": "#3"},
				"west": {"uv": [0, 0, 5, 6], "texture": "#3"},
				"up": {"uv": [0, 0, 5, 6], "texture": "#3"},
				"down": {"uv": [0, 0, 5, 6], "texture": "#3"}
			}
		},
		{
			"from": [7.8, 18, 6.8],
			"to": [9.2, 19, 8.2],
			"faces": {
				"north": {"uv": [0, 0, 16, 16], "texture": "#4"},
				"east": {"uv": [0, 0, 16, 16], "texture": "#4"},
				"south": {"uv": [0, 0, 16, 16], "texture": "#4"},
				"west": {"uv": [0, 0, 16, 16], "texture": "#4"},
				"up": {"uv": [0, 0, 16, 16], "texture": "#4"},
				"down": {"uv": [0, 0, 16, 16], "texture": "#4"}
			}
		},
		{
			"from": [7.5, 20, 6.5],
			"to": [9.5, 21, 8.5],
			"faces": {
				"north": {"uv": [0, 0, 16, 16], "texture": "#4"},
				"east": {"uv": [0, 0, 16, 16], "texture": "#4"},
				"south": {"uv": [0, 0, 16, 16], "texture": "#4"},
				"west": {"uv": [0, 0, 16, 16], "texture": "#4"},
				"up": {"uv": [0, 0, 16, 16], "texture": "#4"},
				"down": {"uv": [0, 0, 16, 16], "texture": "#4"}
			}
		},
		{
			"from": [7.8, 23.6, 6.8],
			"to": [9.2, 23.85, 8.2],
			"faces": {
				"north": {"uv": [0, 0, 16, 16], "rotation": 90, "texture": "#4"},
				"east": {"uv": [0, 0, 16, 16], "rotation": 90, "texture": "#4"},
				"south": {"uv": [0, 0, 16, 16], "rotation": 90, "texture": "#4"},
				"west": {"uv": [0, 0, 16, 16], "rotation": 90, "texture": "#4"},
				"up": {"uv": [0, 0, 16, 16], "rotation": 90, "texture": "#4"},
				"down": {"uv": [0, 0, 16, 16], "rotation": 90, "texture": "#4"}
			}
		},
		{
			"from": [8, 23.85, 7],
			"to": [9, 24.1, 8],
			"faces": {
				"north": {"uv": [0, 0, 16, 16], "texture": "#4"},
				"east": {"uv": [0, 0, 16, 16], "texture": "#4"},
				"south": {"uv": [0, 0, 16, 16], "texture": "#4"},
				"west": {"uv": [0, 0, 16, 16], "texture": "#4"},
				"up": {"uv": [0, 0, 16, 16], "texture": "#4"},
				"down": {"uv": [0, 0, 16, 16], "texture": "#4"}
			}
		},
		{
			"from": [8, 11, 7],
			"to": [9, 18, 8],
			"faces": {
				"north": {"uv": [0, 0, 4.75, 16], "texture": "#3"},
				"east": {"uv": [0, 0, 4.75, 16], "texture": "#3"},
				"south": {"uv": [0, 0, 4.75, 16], "texture": "#3"},
				"west": {"uv": [0, 0, 4.75, 16], "texture": "#3"},
				"up": {"uv": [0, 0, 4.75, 16], "texture": "#3"},
				"down": {"uv": [0, 0, 4.75, 16], "texture": "#3"}
			}
		},
		{
			"from": [7.8, 10, 6.8],
			"to": [9.2, 11, 8.2],
			"faces": {
				"north": {"uv": [0, 0, 16, 16], "texture": "#4"},
				"east": {"uv": [0, 0, 16, 16], "texture": "#4"},
				"south": {"uv": [0, 0, 16, 16], "texture": "#4"},
				"west": {"uv": [0, 0, 16, 16], "texture": "#4"},
				"up": {"uv": [0, 0, 16, 16], "texture": "#4"},
				"down": {"uv": [0, 0, 16, 16], "texture": "#4"}
			}
		},
		{
			"from": [8, 3, 7],
			"to": [9, 10, 8],
			"faces": {
				"north": {"uv": [0, 0, 4.75, 16], "texture": "#3"},
				"east": {"uv": [0, 0, 4.75, 16], "texture": "#3"},
				"south": {"uv": [0, 0, 4.75, 16], "texture": "#3"},
				"west": {"uv": [0, 0, 4.75, 16], "texture": "#3"},
				"up": {"uv": [0, 0, 4.75, 16], "texture": "#3"},
				"down": {"uv": [0, 0, 4.75, 16], "texture": "#3"}
			}
		},
		{
			"from": [7.8, 0, 6.8],
			"to": [9.2, 3, 8.2],
			"faces": {
				"north": {"uv": [0, 0.25, 16, 16], "texture": "#4"},
				"east": {"uv": [0, 0.25, 16, 16], "texture": "#4"},
				"south": {"uv": [0, 0.25, 16, 16], "texture": "#4"},
				"west": {"uv": [0, 0.25, 16, 16], "texture": "#4"},
				"up": {"uv": [0, 0.25, 16, 16], "texture": "#4"},
				"down": {"uv": [0, 0.25, 16, 16], "texture": "#4"}
			}
		},
		{
			"from": [7, 21, 6],
			"to": [10, 23.6, 9],
			"faces": {
				"north": {"uv": [1, 1, 15, 15], "texture": "#2"},
				"east": {"uv": [1, 1, 15, 15], "texture": "#2"},
				"south": {"uv": [1, 1, 15, 15], "texture": "#2"},
				"west": {"uv": [1, 1, 15, 15], "texture": "#2"},
				"up": {"uv": [1, 1, 15, 15], "texture": "#2"},
				"down": {"uv": [1, 1, 15, 15], "texture": "#2"}
			}
		},
		{
			"from": [7.6, 21.25, 4],
			"to": [9.4, 23.15, 5],
			"faces": {
				"north": {"uv": [6, 0, 2.25, 16], "texture": "#2"},
				"east": {"uv": [6, 0, 2.25, 16], "texture": "#2"},
				"south": {"uv": [6, 0, 2.25, 16], "texture": "#2"},
				"west": {"uv": [6, 0, 2.25, 16], "texture": "#2"},
				"up": {"uv": [6, 0, 2.25, 16], "texture": "#2"},
				"down": {"uv": [6, 0, 2.25, 16], "texture": "#2"}
			}
		},
		{
			"from": [7.6, 21.25, 10],
			"to": [9.4, 23.15, 11],
			"faces": {
				"north": {"uv": [6, 0, 2.25, 16], "texture": "#2"},
				"east": {"uv": [6, 0, 2.25, 16], "texture": "#2"},
				"south": {"uv": [6, 0, 2.25, 16], "texture": "#2"},
				"west": {"uv": [6, 0, 2.25, 16], "texture": "#2"},
				"up": {"uv": [6, 0, 2.25, 16], "texture": "#2"},
				"down": {"uv": [6, 0, 2.25, 16], "texture": "#2"}
			}
		},
		{
			"from": [7.65, 21.2, 3],
			"to": [9.35, 23, 4],
			"faces": {
				"north": {"uv": [6, 0, 2.25, 16], "texture": "#2"},
				"east": {"uv": [6, 0, 2.25, 16], "texture": "#2"},
				"south": {"uv": [6, 0, 2.25, 16], "texture": "#2"},
				"west": {"uv": [6, 0, 2.25, 16], "texture": "#2"},
				"up": {"uv": [6, 0, 2.25, 16], "texture": "#2"},
				"down": {"uv": [6, 0, 2.25, 16], "texture": "#2"}
			}
		},
		{
			"from": [7.65, 21.2, 11],
			"to": [9.35, 23, 12],
			"faces": {
				"north": {"uv": [6, 0, 2.25, 16], "texture": "#2"},
				"east": {"uv": [6, 0, 2.25, 16], "texture": "#2"},
				"south": {"uv": [6, 0, 2.25, 16], "texture": "#2"},
				"west": {"uv": [6, 0, 2.25, 16], "texture": "#2"},
				"up": {"uv": [6, 0, 2.25, 16], "texture": "#2"},
				"down": {"uv": [6, 0, 2.25, 16], "texture": "#2"}
			}
		},
		{
			"from": [7.7, 21.15, 2],
			"to": [9.3, 22.85, 3],
			"faces": {
				"north": {"uv": [6, 0, 2.25, 16], "texture": "#2"},
				"east": {"uv": [6, 0, 2.25, 16], "texture": "#2"},
				"south": {"uv": [6, 0, 2.25, 16], "texture": "#2"},
				"west": {"uv": [6, 0, 2.25, 16], "texture": "#2"},
				"up": {"uv": [6, 0, 2.25, 16], "texture": "#2"},
				"down": {"uv": [6, 0, 2.25, 16], "texture": "#2"}
			}
		},
		{
			"from": [7.7, 21.15, 12],
			"to": [9.3, 22.85, 13],
			"faces": {
				"north": {"uv": [6, 0, 2.25, 16], "texture": "#2"},
				"east": {"uv": [6, 0, 2.25, 16], "texture": "#2"},
				"south": {"uv": [6, 0, 2.25, 16], "texture": "#2"},
				"west": {"uv": [6, 0, 2.25, 16], "texture": "#2"},
				"up": {"uv": [6, 0, 2.25, 16], "texture": "#2"},
				"down": {"uv": [6, 0, 2.25, 16], "texture": "#2"}
			}
		},
		{
			"from": [7.75, 21, 1],
			"to": [9.25, 22.6, 2],
			"faces": {
				"north": {"uv": [6, 0, 2.25, 16], "texture": "#2"},
				"east": {"uv": [6, 0, 2.25, 16], "texture": "#2"},
				"south": {"uv": [6, 0, 2.25, 16], "texture": "#2"},
				"west": {"uv": [6, 0, 2.25, 16], "texture": "#2"},
				"up": {"uv": [6, 0, 2.25, 16], "texture": "#2"},
				"down": {"uv": [6, 0, 2.25, 16], "texture": "#2"}
			}
		},
		{
			"from": [7.75, 21, 13],
			"to": [9.25, 22.6, 14],
			"faces": {
				"north": {"uv": [6, 0, 2.25, 16], "texture": "#2"},
				"east": {"uv": [6, 0, 2.25, 16], "texture": "#2"},
				"south": {"uv": [6, 0, 2.25, 16], "texture": "#2"},
				"west": {"uv": [6, 0, 2.25, 16], "texture": "#2"},
				"up": {"uv": [6, 0, 2.25, 16], "texture": "#2"},
				"down": {"uv": [6, 0, 2.25, 16], "texture": "#2"}
			}
		},
		{
			"from": [7.9, 20.8, -1],
			"to": [9.1, 22.2, 0],
			"faces": {
				"north": {"uv": [6, 0, 2.25, 16], "texture": "#2"},
				"east": {"uv": [6, 0, 2.25, 16], "texture": "#2"},
				"south": {"uv": [6, 0, 2.25, 16], "texture": "#2"},
				"west": {"uv": [6, 0, 2.25, 16], "texture": "#2"},
				"up": {"uv": [6, 0, 2.25, 16], "texture": "#2"},
				"down": {"uv": [6, 0, 2.25, 16], "texture": "#2"}
			}
		},
		{
			"from": [7.9, 20.8, 15],
			"to": [9.1, 22.2, 16],
			"faces": {
				"north": {"uv": [6, 0, 2.25, 16], "texture": "#2"},
				"east": {"uv": [6, 0, 2.25, 16], "texture": "#2"},
				"south": {"uv": [6, 0, 2.25, 16], "texture": "#2"},
				"west": {"uv": [6, 0, 2.25, 16], "texture": "#2"},
				"up": {"uv": [6, 0, 2.25, 16], "texture": "#2"},
				"down": {"uv": [6, 0, 2.25, 16], "texture": "#2"}
			}
		},
		{
			"from": [8, 20.6, -2],
			"to": [9, 21.8, -1],
			"faces": {
				"north": {"uv": [6, 0, 2.25, 16], "texture": "#2"},
				"east": {"uv": [6, 0, 2.25, 16], "texture": "#2"},
				"south": {"uv": [6, 0, 2.25, 16], "texture": "#2"},
				"west": {"uv": [6, 0, 2.25, 16], "texture": "#2"},
				"up": {"uv": [6, 0, 2.25, 16], "texture": "#2"},
				"down": {"uv": [6, 0, 2.25, 16], "texture": "#2"}
			}
		},
		{
			"from": [8, 20.6, 16],
			"to": [9, 21.8, 17],
			"faces": {
				"north": {"uv": [6, 0, 2.25, 16], "texture": "#2"},
				"east": {"uv": [6, 0, 2.25, 16], "texture": "#2"},
				"south": {"uv": [6, 0, 2.25, 16], "texture": "#2"},
				"west": {"uv": [6, 0, 2.25, 16], "texture": "#2"},
				"up": {"uv": [6, 0, 2.25, 16], "texture": "#2"},
				"down": {"uv": [6, 0, 2.25, 16], "texture": "#2"}
			}
		},
		{
			"from": [8.1, 20.4, -3],
			"to": [8.9, 21.5, -2],
			"faces": {
				"north": {"uv": [6, 0, 2.25, 16], "texture": "#2"},
				"east": {"uv": [6, 0, 2.25, 16], "texture": "#2"},
				"south": {"uv": [6, 0, 2.25, 16], "texture": "#2"},
				"west": {"uv": [6, 0, 2.25, 16], "texture": "#2"},
				"up": {"uv": [6, 0, 2.25, 16], "texture": "#2"},
				"down": {"uv": [6, 0, 2.25, 16], "texture": "#2"}
			}
		},
		{
			"from": [8.1, 20.4, 17],
			"to": [8.9, 21.5, 18],
			"faces": {
				"north": {"uv": [6, 0, 2.25, 16], "texture": "#2"},
				"east": {"uv": [6, 0, 2.25, 16], "texture": "#2"},
				"south": {"uv": [6, 0, 2.25, 16], "texture": "#2"},
				"west": {"uv": [6, 0, 2.25, 16], "texture": "#2"},
				"up": {"uv": [6, 0, 2.25, 16], "texture": "#2"},
				"down": {"uv": [6, 0, 2.25, 16], "texture": "#2"}
			}
		},
		{
			"from": [7.8, 20.9, 0],
			"to": [9.2, 22.4, 1],
			"faces": {
				"north": {"uv": [6, 0, 2.25, 16], "texture": "#2"},
				"east": {"uv": [6, 0, 2.25, 16], "texture": "#2"},
				"south": {"uv": [6, 0, 2.25, 16], "texture": "#2"},
				"west": {"uv": [6, 0, 2.25, 16], "texture": "#2"},
				"up": {"uv": [6, 0, 2.25, 16], "texture": "#2"},
				"down": {"uv": [6, 0, 2.25, 16], "texture": "#2"}
			}
		},
		{
			"from": [7.8, 20.9, 14],
			"to": [9.2, 22.4, 15],
			"faces": {
				"north": {"uv": [6, 0, 2.25, 16], "texture": "#2"},
				"east": {"uv": [6, 0, 2.25, 16], "texture": "#2"},
				"south": {"uv": [6, 0, 2.25, 16], "texture": "#2"},
				"west": {"uv": [6, 0, 2.25, 16], "texture": "#2"},
				"up": {"uv": [6, 0, 2.25, 16], "texture": "#2"},
				"down": {"uv": [6, 0, 2.25, 16], "texture": "#2"}
			}
		},
		{
			"from": [7.5, 21.3, 5],
			"to": [9.5, 23.3, 6],
			"faces": {
				"north": {"uv": [6, 0, 2.25, 16], "texture": "#2"},
				"east": {"uv": [6, 0, 2.25, 16], "texture": "#2"},
				"south": {"uv": [6, 0, 2.25, 16], "texture": "#2"},
				"west": {"uv": [6, 0, 2.25, 16], "texture": "#2"},
				"up": {"uv": [6, 0, 2.25, 16], "texture": "#2"},
				"down": {"uv": [6, 0, 2.25, 16], "texture": "#2"}
			}
		},
		{
			"from": [7.5, 21.3, 9],
			"to": [9.5, 23.3, 10],
			"faces": {
				"north": {"uv": [2.25, 0, 5.75, 16], "texture": "#2"},
				"east": {"uv": [2.25, 0, 5.75, 16], "texture": "#2"},
				"south": {"uv": [2.25, 0, 5.75, 16], "texture": "#2"},
				"west": {"uv": [2.25, 0, 5.75, 16], "texture": "#2"},
				"up": {"uv": [2.25, 0, 5.75, 16], "texture": "#2"},
				"down": {"uv": [2.25, 0, 5.75, 16], "texture": "#2"}
			}
		},
		{
			"from": [6.86743, 23.1, 6.5],
			"to": [7.01743, 23.6, 8.5],
			"rotation": {"angle": 0, "axis": "y", "origin": [5.11393, 23, 7.5]},
			"faces": {
				"north": {"uv": [5.75, 2.25, 6, 2.75], "texture": "#5"},
				"east": {"uv": [5.75, 2.25, 6.75, 2.75], "texture": "#5"},
				"south": {"uv": [6.5, 2.25, 6.75, 2.75], "texture": "#5"},
				"west": {"uv": [0, 0, 16, 3], "texture": "#5"},
				"up": {"uv": [8.875, 1.25, 8.75, 0.25], "texture": "#5"},
				"down": {"uv": [5.75, 2.5, 6.75, 2.75], "rotation": 90, "texture": "#5"}
			}
		},
		{
			"from": [6.86743, 21, 6],
			"to": [7.01743, 23.6, 6.5],
			"rotation": {"angle": 0, "axis": "y", "origin": [5.11393, 23, 7.5]},
			"faces": {
				"north": {"uv": [6.5, 0, 6.75, 2], "texture": "#5"},
				"east": {"uv": [5.25, 2.25, 5.5, 4.25], "texture": "#5"},
				"south": {"uv": [5.25, 2.25, 5.3125, 4.25], "texture": "#5"},
				"west": {"uv": [0, 0, 2.5, 16], "texture": "#5"},
				"up": {"uv": [8.75, 1.375, 9, 1.5], "texture": "#5"},
				"down": {"uv": [8.75, 3, 9, 3.25], "texture": "#5"}
			}
		},
		{
			"from": [6.86743, 21, 8.5],
			"to": [7.01743, 23.6, 9],
			"rotation": {"angle": 0, "axis": "y", "origin": [5.11393, 23, 7.5]},
			"faces": {
				"north": {"uv": [7.1875, 2.25, 7.25, 4.25], "texture": "#5"},
				"east": {"uv": [7, 2.25, 7.25, 4.25], "texture": "#5"},
				"south": {"uv": [5.25, 0, 5.5, 2], "texture": "#5"},
				"west": {"uv": [13, 0, 16, 16], "texture": "#5"},
				"up": {"uv": [8.75, 0, 9, 0.125], "texture": "#5"},
				"down": {"uv": [8.75, 1.75, 9, 2], "texture": "#5"}
			}
		},
		{
			"from": [6.86743, 21, 6.5],
			"to": [7.01743, 21.5, 8.5],
			"rotation": {"angle": 0, "axis": "y", "origin": [5.11393, 23, 7.5]},
			"faces": {
				"north": {"uv": [5.75, 4, 6, 4.5], "texture": "#5"},
				"east": {"uv": [5.75, 4, 6.75, 4.5], "texture": "#5"},
				"south": {"uv": [6.5, 4, 6.75, 4.5], "texture": "#5"},
				"west": {"uv": [0, 13, 16, 16], "texture": "#5"},
				"up": {"uv": [5.75, 4, 6.75, 4.25], "rotation": 90, "texture": "#5"},
				"down": {"uv": [9, 2, 8.75, 3], "texture": "#5"}
			}
		},
		{
			"from": [6.86743, 21.5, 8.25],
			"to": [7.01743, 21.75, 8.5],
			"rotation": {"angle": 0, "axis": "y", "origin": [5.11393, 23, 7.5]},
			"faces": {
				"north": {"uv": [6.5, 3.5, 6.75, 3.75], "texture": "#4"},
				"east": {"uv": [6.5, 3.5, 6.75, 3.75], "texture": "#4"},
				"south": {"uv": [6.5, 3.5, 6.75, 3.75], "texture": "#4"},
				"west": {"uv": [6.5, 3.5, 6.75, 3.75], "texture": "#4"},
				"up": {"uv": [6.5, 3.5, 6.75, 3.75], "texture": "#4"},
				"down": {"uv": [6.5, 3.5, 6.75, 3.75], "texture": "#4"}
			}
		},
		{
			"from": [6.86743, 21.5, 6.5],
			"to": [7.01743, 21.75, 6.75],
			"rotation": {"angle": 0, "axis": "y", "origin": [5.11393, 23, 7.5]},
			"faces": {
				"north": {"uv": [5.75, 3.5, 6, 3.75], "texture": "#4"},
				"east": {"uv": [5.75, 3.5, 6, 3.75], "texture": "#4"},
				"south": {"uv": [5.75, 3.5, 6, 3.75], "texture": "#4"},
				"west": {"uv": [5.75, 3.5, 6, 3.75], "texture": "#4"},
				"up": {"uv": [5.75, 3.5, 6, 3.75], "texture": "#4"},
				"down": {"uv": [5.75, 3.5, 6, 3.75], "texture": "#4"}
			}
		},
		{
			"from": [6.86743, 22.85, 6.5],
			"to": [7.01743, 23.1, 6.75],
			"rotation": {"angle": 0, "axis": "y", "origin": [5.11393, 23, 7.5]},
			"faces": {
				"north": {"uv": [5.75, 3, 6, 3.25], "texture": "#4"},
				"east": {"uv": [5.75, 3, 6, 3.25], "texture": "#4"},
				"south": {"uv": [5.75, 3, 6, 3.25], "texture": "#4"},
				"west": {"uv": [5.75, 3, 6, 3.25], "texture": "#4"},
				"up": {"uv": [5.75, 3, 6, 3.25], "texture": "#4"},
				"down": {"uv": [5.75, 3, 6, 3.25], "texture": "#4"}
			}
		},
		{
			"from": [6.86743, 22.85, 8.25],
			"to": [7.01743, 23.1, 8.5],
			"rotation": {"angle": 0, "axis": "y", "origin": [5.11393, 23, 7.5]},
			"faces": {
				"north": {"uv": [6.5, 3, 6.75, 3.25], "texture": "#4"},
				"east": {"uv": [6.5, 3, 6.75, 3.25], "texture": "#4"},
				"south": {"uv": [6.5, 3, 6.75, 3.25], "texture": "#4"},
				"west": {"uv": [6.5, 3, 6.75, 3.25], "texture": "#4"},
				"up": {"uv": [6.5, 3, 6.75, 3.25], "texture": "#4"},
				"down": {"uv": [6.5, 3, 6.75, 3.25], "texture": "#4"}
			}
		},
		{
			"from": [6.76743, 21.8, 7.2],
			"to": [6.96743, 22, 7.8],
			"rotation": {"angle": 0, "axis": "y", "origin": [5.11393, 23, 7.5]},
			"faces": {
				"north": {"uv": [14.75, 15.5, 15, 15.75], "texture": "#6"},
				"east": {"uv": [14.75, 15.5, 15.5, 15.75], "texture": "#6"},
				"south": {"uv": [15.5, 15.5, 15.25, 15.75], "texture": "#6"},
				"west": {"uv": [14.75, 15.5, 15.5, 15.75], "texture": "#6"},
				"up": {"uv": [15.5, 15.5, 14.75, 15.75], "rotation": 270, "texture": "#6"},
				"down": {"uv": [15.5, 15.5, 14.75, 15.75], "rotation": 90, "texture": "#6"}
			}
		},
		{
			"from": [6.76743, 22.6, 7.2],
			"to": [6.96743, 22.8, 7.8],
			"rotation": {"angle": 0, "axis": "y", "origin": [5.11393, 23, 7.5]},
			"faces": {
				"north": {"uv": [14.75, 13.75, 15, 14], "texture": "#6"},
				"east": {"uv": [14.75, 13.75, 15.5, 14], "texture": "#6"},
				"south": {"uv": [15.5, 13.75, 15.25, 14], "texture": "#6"},
				"west": {"uv": [14.75, 13.75, 15.5, 14], "texture": "#6"},
				"up": {"uv": [15.5, 13.75, 14.75, 14], "rotation": 270, "texture": "#6"},
				"down": {"uv": [15.5, 13.75, 14.75, 14], "rotation": 90, "texture": "#6"}
			}
		},
		{
			"from": [6.66743, 22, 7.2],
			"to": [6.96743, 22.6, 7.8],
			"rotation": {"angle": 0, "axis": "y", "origin": [5.11393, 23, 7.5]},
			"faces": {
				"north": {"uv": [14.75, 14, 15, 15.5], "texture": "#6"},
				"east": {"uv": [14.75, 14, 15.5, 15.5], "texture": "#6"},
				"south": {"uv": [15.5, 14, 15.25, 15.5], "texture": "#6"},
				"west": {"uv": [14.75, 14, 15.5, 15.5], "texture": "#6"},
				"up": {"uv": [15.5, 14, 14.75, 14.25], "rotation": 270, "texture": "#6"},
				"down": {"uv": [15.5, 15.25, 14.75, 15.5], "rotation": 90, "texture": "#6"}
			}
		},
		{
			"from": [6.76743, 22, 7],
			"to": [6.96743, 22.6, 8],
			"rotation": {"angle": 0, "axis": "y", "origin": [5.11393, 23, 7.5]},
			"faces": {
				"north": {"uv": [14.5, 14, 14.75, 15.5], "texture": "#6"},
				"east": {"uv": [14.5, 14, 15.75, 15.5], "texture": "#6"},
				"south": {"uv": [15.75, 14, 15.5, 15.5], "texture": "#6"},
				"west": {"uv": [14.5, 14, 15.75, 15.5], "texture": "#6"},
				"up": {"uv": [15.75, 14, 14.5, 14.25], "rotation": 270, "texture": "#6"},
				"down": {"uv": [15.75, 15.25, 14.5, 15.5], "rotation": 90, "texture": "#6"}
			}
		},
		{
			"from": [6.87743, 22.8, 7.2],
			"to": [6.97743, 23, 7.8],
			"rotation": {"angle": 0, "axis": "y", "origin": [5.11393, 23, 7.5]},
			"faces": {
				"north": {"uv": [15.25, 13.5, 15.5, 13.75], "texture": "#6"},
				"east": {"uv": [14.75, 13.5, 15.5, 13.75], "texture": "#6"},
				"south": {"uv": [15, 13.5, 14.75, 13.75], "texture": "#6"},
				"west": {"uv": [14.75, 13.5, 15.5, 13.75], "texture": "#6"},
				"up": {"uv": [14.75, 13.5, 15.5, 13.75], "rotation": 270, "texture": "#6"},
				"down": {"uv": [14.75, 13.5, 15.5, 13.75], "rotation": 90, "texture": "#6"}
			}
		},
		{
			"from": [6.87743, 21.6, 7.2],
			"to": [6.97743, 21.8, 7.8],
			"rotation": {"angle": 0, "axis": "y", "origin": [5.11393, 23, 7.5]},
			"faces": {
				"north": {"uv": [15.25, 15.75, 15.5, 16], "texture": "#6"},
				"east": {"uv": [14.75, 15.75, 15.5, 16], "texture": "#6"},
				"south": {"uv": [14.75, 15.75, 15, 16], "texture": "#6"},
				"west": {"uv": [14.75, 15.75, 15.5, 16], "texture": "#6"},
				"up": {"uv": [14.75, 15.75, 15.5, 16], "rotation": 270, "texture": "#6"},
				"down": {"uv": [14.75, 15.75, 15.5, 16], "rotation": 90, "texture": "#6"}
			}
		},
		{
			"from": [6.87743, 22, 8],
			"to": [6.97743, 22.6, 8.2],
			"rotation": {"angle": 0, "axis": "y", "origin": [5.11393, 23, 7.5]},
			"faces": {
				"north": {"uv": [14.25, 14, 14.5, 15.5], "texture": "#6"},
				"east": {"uv": [14.25, 14, 14.5, 15.5], "texture": "#6"},
				"south": {"uv": [14.25, 14, 14.5, 15.5], "texture": "#6"},
				"west": {"uv": [14.25, 14, 14.5, 15.5], "texture": "#6"},
				"up": {"uv": [14.25, 14, 14.5, 14.25], "rotation": 270, "texture": "#6"},
				"down": {"uv": [14.25, 15.25, 14.5, 15.5], "rotation": 90, "texture": "#6"}
			}
		},
		{
			"from": [6.87743, 22, 6.8],
			"to": [6.97743, 22.6, 7],
			"rotation": {"angle": 0, "axis": "y", "origin": [5.11393, 23, 7.5]},
			"faces": {
				"north": {"uv": [15.75, 14, 16, 15.5], "texture": "#6"},
				"east": {"uv": [15.75, 14, 16, 15.5], "texture": "#6"},
				"south": {"uv": [15.75, 14, 16, 15.5], "texture": "#6"},
				"west": {"uv": [15.75, 14, 16, 15.5], "texture": "#6"},
				"up": {"uv": [15.75, 14.25, 16, 14], "rotation": 270, "texture": "#6"},
				"down": {"uv": [15.75, 15.25, 16, 15.5], "rotation": 90, "texture": "#6"}
			}
		},
		{
			"from": [6.87743, 21.8, 7.8],
			"to": [6.97743, 22, 8],
			"rotation": {"angle": 0, "axis": "y", "origin": [5.11393, 23, 7.5]},
			"faces": {
				"north": {"uv": [15.5, 15.5, 15.75, 15.75], "texture": "#6"},
				"east": {"uv": [15.5, 15.5, 15.75, 15.75], "texture": "#6"},
				"south": {"uv": [15.5, 15.5, 15.75, 15.75], "texture": "#6"},
				"west": {"uv": [15.5, 15.5, 15.75, 15.75], "texture": "#6"},
				"up": {"uv": [15.5, 15.5, 15.75, 15.75], "rotation": 270, "texture": "#6"},
				"down": {"uv": [15.75, 15.5, 15.5, 15.75], "rotation": 90, "texture": "#6"}
			}
		},
		{
			"from": [6.87743, 22.6, 7.8],
			"to": [6.97743, 22.8, 8],
			"rotation": {"angle": 0, "axis": "y", "origin": [5.11393, 23, 7.5]},
			"faces": {
				"north": {"uv": [15.5, 13.75, 15.75, 14], "texture": "#6"},
				"east": {"uv": [15.5, 13.75, 15.75, 14], "texture": "#6"},
				"south": {"uv": [15.5, 13.75, 15.75, 14], "texture": "#6"},
				"west": {"uv": [15.5, 13.75, 15.75, 14], "texture": "#6"},
				"up": {"uv": [15.5, 13.75, 15.75, 14], "rotation": 270, "texture": "#6"},
				"down": {"uv": [15.5, 13.75, 15.75, 14], "rotation": 90, "texture": "#6"}
			}
		},
		{
			"from": [6.87743, 21.8, 7],
			"to": [6.97743, 22, 7.2],
			"rotation": {"angle": 0, "axis": "y", "origin": [5.11393, 23, 7.5]},
			"faces": {
				"north": {"uv": [14.5, 15.5, 14.75, 15.75], "texture": "#6"},
				"east": {"uv": [14.5, 15.5, 14.75, 15.75], "texture": "#6"},
				"south": {"uv": [14.5, 15.5, 14.75, 15.75], "texture": "#6"},
				"west": {"uv": [14.5, 15.5, 14.75, 15.75], "texture": "#6"},
				"up": {"uv": [14.5, 15.5, 14.75, 15.75], "rotation": 270, "texture": "#6"},
				"down": {"uv": [14.75, 15.5, 14.5, 15.75], "rotation": 90, "texture": "#6"}
			}
		},
		{
			"from": [6.87743, 22.6, 7],
			"to": [6.97743, 22.8, 7.2],
			"rotation": {"angle": 0, "axis": "y", "origin": [5.11393, 23, 7.5]},
			"faces": {
				"north": {"uv": [14.5, 13.75, 14.75, 14], "texture": "#6"},
				"east": {"uv": [14.5, 13.75, 14.75, 14], "texture": "#6"},
				"south": {"uv": [14.5, 13.75, 14.75, 14], "texture": "#6"},
				"west": {"uv": [14.5, 13.75, 14.75, 14], "texture": "#6"},
				"up": {"uv": [14.75, 13.75, 14.5, 14], "rotation": 270, "texture": "#6"},
				"down": {"uv": [14.5, 13.75, 14.75, 14], "rotation": 90, "texture": "#6"}
			}
		},
		{
			"from": [9.9756, 23.1, 6.5],
			"to": [10.1256, 23.6, 8.5],
			"rotation": {"angle": 0, "axis": "y", "origin": [10.91893, 23, 7.5]},
			"faces": {
				"north": {"uv": [6.5, 2.25, 6.75, 2.75], "texture": "#5"},
				"east": {"uv": [0, 0, 16, 3], "texture": "#5"},
				"south": {"uv": [5.75, 2.25, 6, 2.75], "texture": "#5"},
				"west": {"uv": [5.75, 2.25, 6.75, 2.75], "texture": "#5"},
				"up": {"uv": [10.25, 1.25, 10.125, 0.25], "texture": "#5"},
				"down": {"uv": [6.75, 2.5, 5.75, 2.75], "rotation": 90, "texture": "#5"}
			}
		},
		{
			"from": [9.9756, 21, 8.5],
			"to": [10.1256, 23.6, 9],
			"rotation": {"angle": 0, "axis": "y", "origin": [10.91893, 23, 7.5]},
			"faces": {
				"north": {"uv": [5.25, 2.25, 5.5, 4.25], "texture": "#5"},
				"east": {"uv": [0, 0, 2.5, 16], "texture": "#5"},
				"south": {"uv": [6.5, 0, 6.75, 2], "texture": "#5"},
				"west": {"uv": [5.25, 2.25, 5.5, 4.25], "texture": "#5"},
				"up": {"uv": [10, 0, 10.25, 0.125], "rotation": 180, "texture": "#5"},
				"down": {"uv": [10, 1.75, 10.25, 2], "rotation": 180, "texture": "#5"}
			}
		},
		{
			"from": [9.9756, 21, 6],
			"to": [10.1256, 23.6, 6.5],
			"rotation": {"angle": 0, "axis": "y", "origin": [10.91893, 23, 7.5]},
			"faces": {
				"north": {"uv": [5.25, 0, 5.5, 2], "texture": "#5"},
				"east": {"uv": [13, 0, 16, 16], "texture": "#5"},
				"south": {"uv": [7, 2.25, 7.25, 4.25], "texture": "#5"},
				"west": {"uv": [7, 2.25, 7.25, 4.25], "texture": "#5"},
				"up": {"uv": [10, 1.375, 10.25, 1.5], "rotation": 180, "texture": "#5"},
				"down": {"uv": [10, 3, 10.25, 3.25], "rotation": 180, "texture": "#5"}
			}
		},
		{
			"from": [9.9756, 21, 6.5],
			"to": [10.1256, 21.5, 8.5],
			"rotation": {"angle": 0, "axis": "y", "origin": [10.91893, 23, 7.5]},
			"faces": {
				"north": {"uv": [6.5, 4, 6.75, 4.5], "texture": "#5"},
				"east": {"uv": [0, 13, 16, 16], "texture": "#5"},
				"south": {"uv": [5.75, 4, 6, 4.5], "texture": "#5"},
				"west": {"uv": [5.75, 4, 6.75, 4.5], "texture": "#5"},
				"up": {"uv": [6.75, 4, 5.75, 4.25], "rotation": 90, "texture": "#5"},
				"down": {"uv": [10, 2, 10.25, 3], "texture": "#5"}
			}
		},
		{
			"from": [9.9756, 21.5, 6.5],
			"to": [10.1256, 21.75, 6.75],
			"rotation": {"angle": 0, "axis": "y", "origin": [10.91893, 23, 7.5]},
			"faces": {
				"north": {"uv": [6.5, 3.5, 6.75, 3.75], "texture": "#4"},
				"east": {"uv": [6.5, 3.5, 6.75, 3.75], "texture": "#4"},
				"south": {"uv": [6.5, 3.5, 6.75, 3.75], "texture": "#4"},
				"west": {"uv": [6.5, 3.5, 6.75, 3.75], "texture": "#4"},
				"up": {"uv": [6.5, 3.5, 6.75, 3.75], "rotation": 180, "texture": "#4"},
				"down": {"uv": [6.5, 3.5, 6.75, 3.75], "rotation": 180, "texture": "#4"}
			}
		},
		{
			"from": [9.9756, 21.5, 8.25],
			"to": [10.1256, 21.75, 8.5],
			"rotation": {"angle": 0, "axis": "y", "origin": [10.91893, 23, 7.5]},
			"faces": {
				"north": {"uv": [5.75, 3.5, 6, 3.75], "texture": "#4"},
				"east": {"uv": [5.75, 3.5, 6, 3.75], "texture": "#4"},
				"south": {"uv": [5.75, 3.5, 6, 3.75], "texture": "#4"},
				"west": {"uv": [5.75, 3.5, 6, 3.75], "texture": "#4"},
				"up": {"uv": [5.75, 3.5, 6, 3.75], "rotation": 180, "texture": "#4"},
				"down": {"uv": [5.75, 3.5, 6, 3.75], "rotation": 180, "texture": "#4"}
			}
		},
		{
			"from": [9.9756, 22.85, 8.25],
			"to": [10.1256, 23.1, 8.5],
			"rotation": {"angle": 0, "axis": "y", "origin": [10.91893, 23, 7.5]},
			"faces": {
				"north": {"uv": [5.75, 3, 6, 3.25], "texture": "#4"},
				"east": {"uv": [5.75, 3, 6, 3.25], "texture": "#4"},
				"south": {"uv": [5.75, 3, 6, 3.25], "texture": "#4"},
				"west": {"uv": [5.75, 3, 6, 3.25], "texture": "#4"},
				"up": {"uv": [5.75, 3, 6, 3.25], "rotation": 180, "texture": "#4"},
				"down": {"uv": [5.75, 3, 6, 3.25], "rotation": 180, "texture": "#4"}
			}
		},
		{
			"from": [9.995, 22.85, 6.5],
			"to": [10.145, 23.1, 6.75],
			"rotation": {"angle": 0, "axis": "y", "origin": [10.91893, 23, 7.5]},
			"faces": {
				"north": {"uv": [6.5, 3, 6.75, 3.25], "texture": "#4"},
				"east": {"uv": [6.5, 3, 6.75, 3.25], "texture": "#4"},
				"south": {"uv": [6.5, 3, 6.75, 3.25], "texture": "#4"},
				"west": {"uv": [6.5, 3, 6.75, 3.25], "texture": "#4"},
				"up": {"uv": [6.5, 3, 6.75, 3.25], "rotation": 180, "texture": "#4"},
				"down": {"uv": [6.5, 3, 6.75, 3.25], "rotation": 180, "texture": "#4"}
			}
		},
		{
			"from": [10, 21.8, 7.2],
			"to": [10.2, 22, 7.8],
			"rotation": {"angle": 0, "axis": "y", "origin": [10.91893, 23, 7.5]},
			"faces": {
				"north": {"uv": [15.5, 15.5, 15.25, 15.75], "texture": "#6"},
				"east": {"uv": [14.75, 15.5, 15.5, 15.75], "texture": "#6"},
				"south": {"uv": [14.75, 15.5, 15, 15.75], "texture": "#6"},
				"west": {"uv": [14.75, 15.5, 15.5, 15.75], "texture": "#6"},
				"up": {"uv": [15.5, 15.5, 14.75, 15.75], "rotation": 90, "texture": "#6"},
				"down": {"uv": [15.5, 15.5, 14.75, 15.75], "rotation": 270, "texture": "#6"}
			}
		},
		{
			"from": [10, 22.6, 7.2],
			"to": [10.2, 22.8, 7.8],
			"rotation": {"angle": 0, "axis": "y", "origin": [10.91893, 23, 7.5]},
			"faces": {
				"north": {"uv": [15.5, 13.75, 15.25, 14], "texture": "#6"},
				"east": {"uv": [14.75, 13.75, 15.5, 14], "texture": "#6"},
				"south": {"uv": [14.75, 13.75, 15, 14], "texture": "#6"},
				"west": {"uv": [14.75, 13.75, 15.5, 14], "texture": "#6"},
				"up": {"uv": [15.5, 13.75, 14.75, 14], "rotation": 90, "texture": "#6"},
				"down": {"uv": [15.5, 13.75, 14.75, 14], "rotation": 270, "texture": "#6"}
			}
		},
		{
			"from": [10, 22, 7.2],
			"to": [10.3, 22.6, 7.8],
			"rotation": {"angle": 0, "axis": "y", "origin": [10.91893, 23, 7.5]},
			"faces": {
				"north": {"uv": [15.5, 14, 15.25, 15.5], "texture": "#6"},
				"east": {"uv": [14.75, 14, 15.5, 15.5], "texture": "#6"},
				"south": {"uv": [14.75, 14, 15, 15.5], "texture": "#6"},
				"west": {"uv": [14.75, 14, 15.5, 15.5], "texture": "#6"},
				"up": {"uv": [15.5, 14, 14.75, 14.25], "rotation": 90, "texture": "#6"},
				"down": {"uv": [15.5, 15.25, 14.75, 15.5], "rotation": 270, "texture": "#6"}
			}
		},
		{
			"from": [10, 22, 7],
			"to": [10.2, 22.6, 8],
			"rotation": {"angle": 0, "axis": "y", "origin": [10.91893, 23, 7.5]},
			"faces": {
				"north": {"uv": [15.75, 14, 15.5, 15.5], "texture": "#6"},
				"east": {"uv": [14.5, 14, 15.75, 15.5], "texture": "#6"},
				"south": {"uv": [14.5, 14, 14.75, 15.5], "texture": "#6"},
				"west": {"uv": [14.5, 14, 15.75, 15.5], "texture": "#6"},
				"up": {"uv": [15.75, 14, 14.5, 14.25], "rotation": 90, "texture": "#6"},
				"down": {"uv": [15.75, 15.25, 14.5, 15.5], "rotation": 270, "texture": "#6"}
			}
		},
		{
			"from": [10, 22.8, 7.2],
			"to": [10.1, 23, 7.8],
			"rotation": {"angle": 0, "axis": "y", "origin": [10.91893, 23, 7.5]},
			"faces": {
				"north": {"uv": [15, 13.5, 14.75, 13.75], "texture": "#6"},
				"east": {"uv": [14.75, 13.5, 15.5, 13.75], "texture": "#6"},
				"south": {"uv": [15.25, 13.5, 15.5, 13.75], "texture": "#6"},
				"west": {"uv": [14.75, 13.5, 15.5, 13.75], "texture": "#6"},
				"up": {"uv": [14.75, 13.5, 15.5, 13.75], "rotation": 90, "texture": "#6"},
				"down": {"uv": [14.75, 13.5, 15.5, 13.75], "rotation": 270, "texture": "#6"}
			}
		},
		{
			"from": [10, 21.6, 7.2],
			"to": [10.1, 21.8, 7.8],
			"rotation": {"angle": 0, "axis": "y", "origin": [10.91893, 23, 7.5]},
			"faces": {
				"north": {"uv": [14.75, 15.75, 15, 16], "texture": "#6"},
				"east": {"uv": [14.75, 15.75, 15.5, 16], "texture": "#6"},
				"south": {"uv": [15.25, 15.75, 15.5, 16], "texture": "#6"},
				"west": {"uv": [14.75, 15.75, 15.5, 16], "texture": "#6"},
				"up": {"uv": [14.75, 15.75, 15.5, 16], "rotation": 90, "texture": "#6"},
				"down": {"uv": [14.75, 15.75, 15.5, 16], "rotation": 270, "texture": "#6"}
			}
		},
		{
			"from": [10, 22, 6.8],
			"to": [10.1, 22.6, 7],
			"rotation": {"angle": 0, "axis": "y", "origin": [10.91893, 23, 7.5]},
			"faces": {
				"north": {"uv": [14.25, 14, 14.5, 15.5], "texture": "#6"},
				"east": {"uv": [14.25, 14, 14.5, 15.5], "texture": "#6"},
				"south": {"uv": [14.25, 14, 14.5, 15.5], "texture": "#6"},
				"west": {"uv": [14.25, 14, 14.5, 15.5], "texture": "#6"},
				"up": {"uv": [14.25, 14, 14.5, 14.25], "rotation": 90, "texture": "#6"},
				"down": {"uv": [14.25, 15.25, 14.5, 15.5], "rotation": 270, "texture": "#6"}
			}
		},
		{
			"from": [10, 22, 8],
			"to": [10.1, 22.6, 8.2],
			"rotation": {"angle": 0, "axis": "y", "origin": [10.91893, 23, 7.5]},
			"faces": {
				"north": {"uv": [15.75, 14, 16, 15.5], "texture": "#6"},
				"east": {"uv": [15.75, 14, 16, 15.5], "texture": "#6"},
				"south": {"uv": [15.75, 14, 16, 15.5], "texture": "#6"},
				"west": {"uv": [15.75, 14, 16, 15.5], "texture": "#6"},
				"up": {"uv": [15.75, 14.25, 16, 14], "rotation": 90, "texture": "#6"},
				"down": {"uv": [15.75, 15.25, 16, 15.5], "rotation": 270, "texture": "#6"}
			}
		},
		{
			"from": [10, 21.8, 7],
			"to": [10.1, 22, 7.2],
			"rotation": {"angle": 0, "axis": "y", "origin": [10.91893, 23, 7.5]},
			"faces": {
				"north": {"uv": [15.5, 15.5, 15.75, 15.75], "texture": "#6"},
				"east": {"uv": [15.5, 15.5, 15.75, 15.75], "texture": "#6"},
				"south": {"uv": [15.5, 15.5, 15.75, 15.75], "texture": "#6"},
				"west": {"uv": [15.5, 15.5, 15.75, 15.75], "texture": "#6"},
				"up": {"uv": [15.5, 15.5, 15.75, 15.75], "rotation": 90, "texture": "#6"},
				"down": {"uv": [15.75, 15.5, 15.5, 15.75], "rotation": 270, "texture": "#6"}
			}
		},
		{
			"from": [10, 22.6, 7],
			"to": [10.1, 22.8, 7.2],
			"rotation": {"angle": 0, "axis": "y", "origin": [10.91893, 23, 7.5]},
			"faces": {
				"north": {"uv": [15.5, 13.75, 15.75, 14], "texture": "#6"},
				"east": {"uv": [15.5, 13.75, 15.75, 14], "texture": "#6"},
				"south": {"uv": [15.5, 13.75, 15.75, 14], "texture": "#6"},
				"west": {"uv": [15.5, 13.75, 15.75, 14], "texture": "#6"},
				"up": {"uv": [15.5, 13.75, 15.75, 14], "rotation": 90, "texture": "#6"},
				"down": {"uv": [15.5, 13.75, 15.75, 14], "rotation": 270, "texture": "#6"}
			}
		},
		{
			"from": [10, 21.8, 7.8],
			"to": [10.1, 22, 8],
			"rotation": {"angle": 0, "axis": "y", "origin": [10.91893, 23, 7.5]},
			"faces": {
				"north": {"uv": [14.5, 15.5, 14.75, 15.75], "texture": "#6"},
				"east": {"uv": [14.5, 15.5, 14.75, 15.75], "texture": "#6"},
				"south": {"uv": [14.5, 15.5, 14.75, 15.75], "texture": "#6"},
				"west": {"uv": [14.5, 15.5, 14.75, 15.75], "texture": "#6"},
				"up": {"uv": [14.5, 15.5, 14.75, 15.75], "rotation": 90, "texture": "#6"},
				"down": {"uv": [14.75, 15.5, 14.5, 15.75], "rotation": 270, "texture": "#6"}
			}
		},
		{
			"from": [10, 22.6, 7.8],
			"to": [10.1, 22.8, 8],
			"rotation": {"angle": 0, "axis": "y", "origin": [10.91893, 23, 7.5]},
			"faces": {
				"north": {"uv": [14.5, 13.75, 14.75, 14], "texture": "#6"},
				"east": {"uv": [14.5, 13.75, 14.75, 14], "texture": "#6"},
				"south": {"uv": [14.5, 13.75, 14.75, 14], "texture": "#6"},
				"west": {"uv": [14.5, 13.75, 14.75, 14], "texture": "#6"},
				"up": {"uv": [14.75, 13.75, 14.5, 14], "rotation": 90, "texture": "#6"},
				"down": {"uv": [14.5, 13.75, 14.75, 14], "rotation": 270, "texture": "#6"}
			}
		}
	],
	"display": {
		"thirdperson_righthand": {
			"translation": [0, 0.25, 1.5]
		},
		"thirdperson_lefthand": {
			"translation": [0, 0.25, 1.5]
		},
		"firstperson_righthand": {
			"rotation": [-24, 1, -2],
			"translation": [0.5, -0.5, 0.5],
			"scale": [0.8, 0.8, 0.8]
		},
		"firstperson_lefthand": {
			"rotation": [-16, -1, 2],
			"translation": [1.25, -0.5, -0.5],
			"scale": [0.8, 0.8, 0.8]
		},
		"ground": {
			"rotation": [4, 17, 100]
		},
		"gui": {
			"rotation": [-98.32, -43.73, -95.74],
			"translation": [-3.5, -3, 0],
			"scale": [0.6, 0.6, 0.6]
		},
		"head": {
			"rotation": [100.32, 143, -60],
			"translation": [2.75, -0.25, -4.25],
			"scale": [1.6, 1.6, 1.6]
		},
		"fixed": {
			"rotation": [6.5, 90, -175],
			"translation": [0, 16, -5.5],
			"scale": [2, 2, 2]
		}
	},
	"groups": [
		{
			"name": "Stab",
			"origin": [0, 0, 0],
			"color": 0,
			"children": [0, 1, 2, 3, 4, 5, 6, 7, 8]
		},
		{
			"name": "Spitzhacke",
			"origin": [0, 0, 0],
			"color": 0,
			"children": [
				9,
				10,
				11,
				12,
				13,
				14,
				15,
				16,
				17,
				18,
				19,
				20,
				21,
				22,
				23,
				24,
				25,
				26,
				27,
				{
					"name": "Gem",
					"origin": [0, 0, 0],
					"color": 0,
					"children": [28, 29, 30, 31, 32, 33, 34, 35, 36, 37, 38, 39, 40, 41, 42, 43, 44, 45, 46, 47]
				},
				{
					"name": "Gem",
					"origin": [0, 0, 0],
					"color": 0,
					"children": [48, 49, 50, 51, 52, 53, 54, 55, 56, 57, 58, 59, 60, 61, 62, 63, 64, 65, 66, 67]
				}
			]
		}
	]
}