{
	"credit": "Made with Blockbench",
	"textures": {
		"2": "block/gray_terracotta",
		"3": "block/iron_block",
		"4": "block/sculk",
		"6": "block/sculk_catalyst_top_bloom",
		"13": "block/amethyst_block"
	},
	"elements": [
		{
			"from": [6, 0, 6],
			"to": [10, 1, 10],
			"faces": {
				"north": {"uv": [0, 0, 4, 1], "texture": "#3"},
				"east": {"uv": [0, 0, 4, 1], "texture": "#3"},
				"south": {"uv": [0, 0, 4, 1], "texture": "#3"},
				"west": {"uv": [0, 0, 4, 1], "texture": "#3"},
				"up": {"uv": [0, 0, 4, 4], "texture": "#3"},
				"down": {"uv": [0, 0, 4, 4], "texture": "#3"}
			}
		},
		{
			"from": [7, 1, 7],
			"to": [9, 2, 9],
			"faces": {
				"north": {"uv": [0, 0, 2, 1], "texture": "#2"},
				"east": {"uv": [0, 0, 2, 1], "texture": "#2"},
				"south": {"uv": [0, 0, 2, 1], "texture": "#2"},
				"west": {"uv": [0, 0, 2, 1], "texture": "#2"},
				"up": {"uv": [0, 0, 2, 2], "texture": "#missing"},
				"down": {"uv": [0, 0, 2, 2], "texture": "#missing"}
			}
		},
		{
			"from": [6, 2, 6],
			"to": [10, 3, 10],
			"faces": {
				"north": {"uv": [0, 0, 4, 1], "texture": "#3"},
				"east": {"uv": [0, 0, 4, 1], "texture": "#3"},
				"south": {"uv": [0, 0, 4, 1], "texture": "#3"},
				"west": {"uv": [0, 0, 4, 1], "texture": "#3"},
				"up": {"uv": [0, 0, 4, 4], "texture": "#3"},
				"down": {"uv": [0, 0, 4, 4], "texture": "#3"}
			}
		},
		{
			"from": [7, 3, 7],
			"to": [9, 24, 9],
			"faces": {
				"north": {"uv": [0, 0, 2, 16], "texture": "#2"},
				"east": {"uv": [0, 0, 2, 16], "texture": "#2"},
				"south": {"uv": [0, 0, 2, 16], "texture": "#2"},
				"west": {"uv": [0, 0, 2, 16], "texture": "#2"},
				"up": {"uv": [0, 0, 2, 2], "texture": "#missing"},
				"down": {"uv": [0, 0, 2, 2], "texture": "#missing"}
			}
		},
		{
			"from": [6, 23, 6],
			"to": [10, 27, 10],
			"faces": {
				"north": {"uv": [0, 0, 4, 4], "texture": "#13"},
				"east": {"uv": [0, 0, 4, 4], "texture": "#13"},
				"south": {"uv": [0, 0, 4, 4], "texture": "#13"},
				"west": {"uv": [0, 0, 4, 4], "texture": "#13"},
				"up": {"uv": [0, 0, 4, 4], "texture": "#13"},
				"down": {"uv": [0, 0, 4, 4], "texture": "#13"}
			}
		},
		{
			"from": [7, 27, 7],
			"to": [9, 28, 9],
			"faces": {
				"north": {"uv": [0, 0, 2, 1], "texture": "#2"},
				"east": {"uv": [0, 0, 2, 1], "texture": "#2"},
				"south": {"uv": [0, 0, 2, 1], "texture": "#2"},
				"west": {"uv": [0, 0, 2, 1], "texture": "#2"},
				"up": {"uv": [0, 0, 2, 2], "texture": "#2"},
				"down": {"uv": [0, 0, 2, 2], "texture": "#missing"}
			}
		},
		{
			"from": [7, 24, 5],
			"to": [9, 26, 6],
			"faces": {
				"north": {"uv": [0, 0, 2, 2], "texture": "#missing"},
				"east": {"uv": [0, 0, 1, 2], "texture": "#4"},
				"south": {"uv": [0, 0, 2, 2], "texture": "#missing"},
				"west": {"uv": [0, 0, 1, 2], "texture": "#4"},
				"up": {"uv": [0, 0, 2, 1], "texture": "#4"},
				"down": {"uv": [0, 0, 2, 1], "texture": "#4"}
			}
		},
		{
			"from": [7, 24, 10],
			"to": [9, 26, 11],
			"faces": {
				"north": {"uv": [0, 0, 2, 2], "texture": "#missing"},
				"east": {"uv": [0, 0, 1, 2], "texture": "#4"},
				"south": {"uv": [0, 0, 2, 2], "texture": "#missing"},
				"west": {"uv": [0, 0, 1, 2], "texture": "#4"},
				"up": {"uv": [0, 0, 2, 1], "texture": "#4"},
				"down": {"uv": [0, 0, 2, 1], "texture": "#4"}
			}
		},
		{
			"from": [6, 23, 4],
			"to": [10, 27, 5],
			"color": 4,
			"faces": {
				"north": {"uv": [0, 0, 4, 4], "texture": "#missing"},
				"east": {"uv": [0, 0, 1, 4], "texture": "#missing"},
				"south": {"uv": [0, 0, 4, 4], "texture": "#missing"},
				"west": {"uv": [0, 0, 1, 4], "texture": "#missing"},
				"up": {"uv": [0, 0, 4, 1], "texture": "#missing"},
				"down": {"uv": [0, 0, 4, 1], "texture": "#missing"}
			}
		},
		{
			"from": [6, 23, 11],
			"to": [10, 27, 12],
			"color": 4,
			"faces": {
				"north": {"uv": [0, 0, 4, 4], "texture": "#missing"},
				"east": {"uv": [0, 0, 1, 4], "texture": "#missing"},
				"south": {"uv": [0, 0, 4, 4], "texture": "#missing"},
				"west": {"uv": [0, 0, 1, 4], "texture": "#missing"},
				"up": {"uv": [0, 0, 4, 1], "texture": "#missing"},
				"down": {"uv": [0, 0, 4, 1], "texture": "#missing"}
			}
		},
		{
			"from": [6, 22, 3],
			"to": [10, 28, 4],
			"faces": {
				"north": {"uv": [0, 0, 4, 6], "texture": "#4"},
				"east": {"uv": [0, 0, 1, 6], "texture": "#6"},
				"south": {"uv": [0, 0, 4, 6], "texture": "#6"},
				"west": {"uv": [0, 0, 1, 6], "texture": "#6"},
				"up": {"uv": [0, 0, 4, 1], "texture": "#6"},
				"down": {"uv": [0, 0, 4, 1], "texture": "#6"}
			}
		},
		{
			"from": [6, 22, 12],
			"to": [10, 28, 13],
			"faces": {
				"north": {"uv": [0, 0, 4, 6], "texture": "#6"},
				"east": {"uv": [0, 0, 1, 6], "texture": "#6"},
				"south": {"uv": [0, 0, 4, 6], "texture": "#4"},
				"west": {"uv": [0, 0, 1, 6], "texture": "#6"},
				"up": {"uv": [0, 0, 4, 1], "texture": "#6"},
				"down": {"uv": [0, 0, 4, 1], "texture": "#6"}
			}
		}
	],
	"display": {
		"thirdperson_righthand": {
			"translation": [0, -2, 1.25],
			"scale": [0.5, 0.5, 0.5]
		},
		"thirdperson_lefthand": {
			"translation": [0, -1.75, 1.25],
			"scale": [0.5, 0.5, 0.5]
		},
		"firstperson_righthand": {
			"rotation": [-30, 0, 0],
			"translation": [3.75, 0, 0]
		},
		"firstperson_lefthand": {
			"rotation": [-31, 0, 0],
			"translation": [3.75, 0, 0]
		},
		"ground": {
			"rotation": [-84, 96, 6],
			"translation": [-1.25, -0.25, 0],
			"scale": [0.5, 0.5, 0.5]
		},
		"gui": {
			"rotation": [0, 90, 0],
			"translation": [0, -3.75, 0],
			"scale": [0.5, 0.5, 0.6]
		},
		"head": {
			"translation": [0, 14.5, 0]
		},
		"fixed": {
			"rotation": [0, 90, 0],
			"translation": [0.75, -3.25, 0],
			"scale": [1, 0.55, 0.58]
		}
	}
}